name,datetime,tempmax,tempmin,temp,feelslikemax,feelslikemin,feelslike,dew,humidity,precip,precipprob,precipcover,preciptype,snow,snowdepth,windgust,windspeed,winddir,sealevelpressure,cloudcover,visibility,solarradiation,solarenergy,uvindex,severerisk,sunrise,sunset,moonphase,conditions,description,icon,stations
Tequila. MX,2023-11-02,80.5,53.9,66,79.8,53.9,66,51.4,62.3,0,0,0,,0,0,5.4,9.2,99.7,1017.1,28.7,10,245.9,21.2,9,10,2023-11-02T06:58:18,2023-11-02T18:19:18,0.66,Partially cloudy,Clearing in the afternoon.,partly-cloudy-day,"MMGL,76613399999,76612099999,remote"
Tequila. MX,2023-11-03,85,55.1,67.4,83.2,55.1,67.2,51.1,60.8,0,0,0,,0,0,4,9.2,166.4,1015.5,44.5,8.4,234.5,20.3,9,10,2023-11-03T06:58:48,2023-11-03T18:18:47,0.69,Partially cloudy,Partly cloudy throughout the day.,partly-cloudy-day,"76613399999,76612099999,remote"
Tequila. MX,2023-11-04,84.8,52.4,67.5,82.3,52.4,67.1,46.9,53.5,0,0,0,,0,0,6.7,5.4,108.4,1015,30.1,10,247.7,21.3,9,10,2023-11-04T06:59:19,2023-11-04T18:18:17,0.72,Partially cloudy,Becoming cloudy in the afternoon.,partly-cloudy-day,"MMGL,76613399999,76612099999,remote"
Tequila. MX,2023-11-05,82.5,46.9,63.7,80.4,46.9,63.4,42,51.6,0,0,0,,0,0,5.6,4,127.5,1014.2,34.9,7.7,229.8,19.7,8,10,2023-11-05T06:59:50,2023-11-05T18:17:49,0.75,Partially cloudy,Clearing in the afternoon.,partly-cloudy-day,"MMGL,76613399999,76612099999,remote"
Tequila. MX,2023-11-06,85.2,47.6,65,82.2,47.6,64.5,42.3,50.3,0,0,0,,0,0,4.5,5,70.5,1014.3,38.2,9.8,244.3,21.2,9,10,2023-11-06T07:00:22,2023-11-06T18:17:22,0.79,Partially cloudy,Partly cloudy throughout the day.,partly-cloudy-day,"MMGL,76613399999,76612099999,remote"
Tequila. MX,2023-11-07,86.8,51.2,68.3,83.7,51.2,67.7,47.2,53.3,0,0,0,,0,0,4.5,3.6,284.2,1012.4,37.9,8,240.5,20.9,9,10,2023-11-07T07:00:54,2023-11-07T18:16:56,0.82,Partially cloudy,Partly cloudy throughout the day.,partly-cloudy-day,"MMGL,76613399999,76612099999,remote"
Tequila. MX,2023-11-08,86.1,59.3,70.9,84.5,59.3,70.5,57.2,67.2,0,0,0,,0,0,6.9,6.9,280.4,1011.3,16,8.5,237.3,20.4,8,10,2023-11-08T07:01:27,2023-11-08T18:16:31,0.85,Clear,Clear conditions throughout the day.,clear-day,"MMGL,76613399999,76612099999,remote"
Tequila. MX,2023-11-09,81.8,62.1,71.1,81.4,62.1,71.1,58.7,67.6,0,0,0,,0,0,7.8,5.8,269.5,1011.3,76.8,8.5,167.8,14.5,6,10,2023-11-09T07:02:01,2023-11-09T18:16:07,0.88,Partially cloudy,Partly cloudy throughout the day.,partly-cloudy-day,"MMGL,76613399999,76612099999,remote"
Tequila. MX,2023-11-10,78.9,60.3,66.8,78.9,60.3,66.8,59.5,78.7,0.13,100,12.5,rain,0,0,6.5,20.8,82.1,1013.1,66.3,8.4,192.2,16.5,8,10,2023-11-10T07:02:35,2023-11-10T18:15:45,0.91,"Rain, Partially cloudy",Partly cloudy throughout the day with afternoon rain.,rain,"MMGL,76613399999,76612099999,remote"
Tequila. MX,2023-11-11,80.8,60.5,68.6,80.9,60.5,68.6,59.1,74.5,0.052,100,8.33,rain,0,0,6.9,8.1,199.7,1013.9,87.8,7.1,157.6,13.6,7,10,2023-11-11T07:03:09,2023-11-11T18:15:24,0.95,"Rain, Partially cloudy",Partly cloudy throughout the day with rain.,rain,"MMGL,76613399999,76612099999,remote"
Tequila. MX,2023-11-12,80.3,61.1,68.6,80.7,61.1,68.6,59,73.9,0,0,0,,0,0,10.1,8.1,346.5,1012.8,67.3,7.2,216.4,18.6,8,10,2023-11-12T07:03:44,2023-11-12T18:15:04,0.98,Partially cloudy,Partly cloudy throughout the day.,partly-cloudy-day,"MMGL,76613399999,76612099999,remote"
Tequila. MX,2023-11-13,80.5,56,67.3,79.8,56,67.2,54.9,67.3,0,0,0,,0,0,4.9,6.9,24.5,1015.6,51.3,7.7,228.4,19.7,8,10,2023-11-13T07:04:19,2023-11-13T18:14:46,0,Partially cloudy,Partly cloudy throughout the day.,partly-cloudy-day,"MMGL,76613399999,76612099999,remote"
Tequila. MX,2023-11-14,82.5,57.5,68.3,82.1,57.5,68.3,56.5,69.4,0,0,0,,0,0,4.7,6.9,83,1013,17.1,7.9,229.5,19.8,8,10,2023-11-14T07:04:54,2023-11-14T18:14:29,0.05,Clear,Clear conditions throughout the day.,clear-day,"MMGL,76613399999,76612099999,remote"
Tequila. MX,2023-11-15,83,54.4,67.7,81.4,54.4,67.5,53.4,65.2,0,0,0,,0,0,5.4,3.2,82.2,1012.9,24.3,7.5,229.7,19.8,8,10,2023-11-15T07:05:30,2023-11-15T18:14:13,0.08,Partially cloudy,Partly cloudy throughout the day.,partly-cloudy-day,"MMGL,76613399999,76612099999,remote"
Tequila. MX,2023-11-16,83.7,55.1,68.5,81.8,55.1,68.1,50.5,58.9,0,0,0,,0,0,4.3,5.8,1.2,1014.1,6.3,8,231,20,8,10,2023-11-16T07:06:07,2023-11-16T18:13:58,0.12,Clear,Clear conditions throughout the day.,clear-day,"MMGL,76613399999,76612099999,remote"
Tequila. MX,2023-11-17,84.5,54.8,67.9,83,54.8,67.6,52.8,63.8,0,0,0,,0,0,5.1,5.8,331,1013.1,0.1,8.5,228.3,19.8,8,10,2023-11-17T07:06:43,2023-11-17T18:13:45,0.16,Clear,Clear conditions throughout the day.,clear-day,"MMGL,76613399999,76612099999,remote"
Tequila. MX,2023-11-18,86.6,53.9,68.6,84.5,53.9,68.1,51,60.6,0,0,0,,0,0,3.6,8.1,108.9,1013.9,0,11.2,229,19.8,8,10,2023-11-18T07:07:20,2023-11-18T18:13:33,0.19,Clear,Clear conditions throughout the day.,clear-day,"MMGL,76613399999,76612099999,remote"
Tequila. MX,2023-11-19,84.3,53.1,66.3,81.8,53.1,66,49.8,60.2,0,0,0,,0,0,7.8,11.4,286.5,1014.9,14.1,7,195.7,16.7,8,10,2023-11-19T07:07:58,2023-11-19T18:13:23,0.23,Clear,Clear conditions throughout the day.,clear-day,"MMGL,76613399999,76612099999"
Tequila. MX,2023-11-20,82.5,58.9,68.5,80.4,58.9,68.3,54.3,67.7,0,0,0,,0,0,10.5,11.4,295.5,1012.3,42.8,7.8,203.3,17.5,7,10,2023-11-20T07:08:35,2023-11-20T18:13:14,0.25,Partially cloudy,Partly cloudy throughout the day.,partly-cloudy-day,"MMGL,76613399999,76612099999,remote"
Tequila. MX,2023-11-21,80.3,57.5,67,80.3,57.5,67,55.8,70.3,0,0,0,,0,0,6.7,4.5,260.8,1009.9,68.6,7.3,182.1,15.7,8,10,2023-11-21T07:09:13,2023-11-21T18:13:06,0.3,Partially cloudy,Partly cloudy throughout the day.,partly-cloudy-day,"MMGL,76613399999,76612099999,remote"
Tequila. MX,2023-11-22,65.9,59.3,62.7,65.9,59.3,62.7,52.3,69.4,0.055,100,16.67,rain,0,0,12.5,15,70.2,1011,88.1,7.4,163.2,14.1,7,10,2023-11-22T07:09:51,2023-11-22T18:13:00,0.33,"Rain, Partially cloudy",Partly cloudy throughout the day with rain in the morning and afternoon.,rain,"MMGL,76613399999,76612099999"
Tequila. MX,2023-11-23,76.2,53.3,62.3,76.2,53.3,62.3,49.4,67.9,0,0,0,,0,0,11.6,4.9,256.2,1013.7,38.5,9.1,219.2,18.9,8,10,2023-11-23T07:10:30,2023-11-23T18:12:55,0.37,Partially cloudy,Partly cloudy throughout the day.,partly-cloudy-day,"MMGL,76613399999,76612099999,remote"
Tequila. MX,2023-11-24,75.8,44,58.1,75.8,44,58.1,43.1,63.4,0,0,0,,0,0,6.7,3.4,265,1016.5,1,8,236,20.2,8,10,2023-11-24T07:11:08,2023-11-24T18:12:51,0.41,Clear,Clear conditions throughout the day.,clear-day,"MMGL,76613399999,76612099999,remote"
Tequila. MX,2023-11-25,79.6,42.9,59.9,79.6,42.9,59.9,41.8,57.8,0,0,0,,0,0,7.8,4.5,53.2,1015.9,1.3,8.4,233.9,20,8,10,2023-11-25T07:11:47,2023-11-25T18:12:49,0.44,Clear,Clear conditions throughout the day.,clear-day,"MMGL,76613399999,76612099999,remote"
Tequila. MX,2023-11-26,79.2,44.1,61.1,79.2,44.1,61.1,43.6,58.7,0,0,0,,0,0,5.8,5.3,299.1,1017,50.8,7.7,222,19.2,8,10,2023-11-26T07:12:26,2023-11-26T18:12:48,0.48,Partially cloudy,Partly cloudy throughout the day.,partly-cloudy-day,"MMGL,76613399999,76612099999,remote"
Tequila. MX,2023-11-27,67.2,55.1,60.6,67.2,55.1,60.6,52.6,75.6,0.012,100,12.5,rain,0,0,4.5,4.5,296.3,1017.3,95,8.3,50.5,4.3,3,10,2023-11-27T07:13:05,2023-11-27T18:12:48,0.5,"Rain, Overcast",Cloudy skies throughout the day with afternoon rain.,rain,"MMGL,76613399999,76612099999,remote"
Tequila. MX,2023-11-28,80.7,54.8,65.5,80.4,54.8,65.5,53.5,68.6,0,0,0,,0,0,3.6,5.8,111.9,1017.8,81.9,10,184.4,15.8,7,10,2023-11-28T07:13:44,2023-11-28T18:12:50,0.54,Partially cloudy,Partly cloudy throughout the day.,partly-cloudy-day,"MMGL,76613399999,76612099999,remote"
Tequila. MX,2023-11-29,80.7,53.7,62.9,80,53.7,62.9,53.5,74.1,0,0,0,,0,0,5.8,10.3,194.4,1014.9,56.2,8,143.5,12.4,6,10,2023-11-29T07:14:23,2023-11-29T18:12:53,0.58,Partially cloudy,Partly cloudy throughout the day.,partly-cloudy-day,"MMGL,76613399999,76612099999,remote"
Tequila. MX,2023-11-30,77.6,54.8,64.1,77.6,54.8,64.1,52.3,68.5,0,0,0,,0,0,17.4,6.7,253.6,1012.2,33.6,8.8,211.4,18.2,8,10,2023-11-30T07:15:02,2023-11-30T18:12:58,0.61,Partially cloudy,Partly cloudy throughout the day.,partly-cloudy-day,"MMGL,76612099999,remote"
Tequila. MX,2023-12-01,75.5,52.1,62.7,75.5,52.1,62.7,46.7,60.7,0,0,0,,0,0,10.5,7.9,245.2,1014.5,68.6,8.2,176.9,15.3,7,10,2023-12-01T07:15:41,2023-12-01T18:13:04,0.64,Partially cloudy,Partly cloudy throughout the day.,partly-cloudy-day,"76613399999,76612099999,remote"
Tequila. MX,2023-12-02,77.1,52,63.6,77.1,52,63.6,47.9,60.3,0.004,100,4.17,rain,0,0,7.8,4.7,269,1015.3,81.1,9.3,163,14.1,6,10,2023-12-02T07:16:20,2023-12-02T18:13:11,0.67,"Rain, Partially cloudy",Partly cloudy throughout the day with late afternoon rain.,rain,"MMGL,76613399999,76612099999,remote"
Tequila. MX,2023-12-03,76.2,56.4,61.1,76.2,56.4,61.1,54.1,79.5,0.052,100,16.67,rain,0,0,8.1,4.5,89.7,1015.6,96.9,7.8,113.7,9.7,5,10,2023-12-03T07:16:59,2023-12-03T18:13:20,0.7,"Rain, Overcast",Cloudy skies throughout the day with rain.,rain,"MMGL,76613399999,76612099999,remote"
Tequila. MX,2023-12-04,60.3,55.5,58.2,60.3,55.5,58.2,56.2,93.3,0.269,100,54.17,rain,0,0,7.2,3.6,136.1,1017.8,99.6,7.4,26.1,2.2,1,10,2023-12-04T07:17:38,2023-12-04T18:13:29,0.75,"Rain, Overcast",Cloudy skies throughout the day with a chance of rain throughout the day.,rain,"MMGL,76613399999,76612099999,remote"
Tequila. MX,2023-12-05,75.8,53.7,61.2,75.8,53.7,61.2,53.9,78.8,0.149,100,12.5,rain,0,0,8.5,4.9,134.8,1019.1,92.3,9.1,123.4,10.6,7,10,2023-12-05T07:18:16,2023-12-05T18:13:41,0.77,"Rain, Overcast",Cloudy skies throughout the day with rain.,rain,"MMGL,76613399999,76612099999,remote"
Tequila. MX,2023-12-06,79.2,54.8,62.8,79.2,54.8,62.8,53.9,75.2,0.209,100,8.33,rain,0,0,6.5,8.1,108.4,1018.6,67.2,8.4,194.7,16.6,7,10,2023-12-06T07:18:55,2023-12-06T18:13:53,0.8,"Rain, Partially cloudy",Partly cloudy throughout the day with rain.,rain,"MMGL,76613399999,76612099999,remote"
Tequila. MX,2023-12-07,65.4,56,59.3,65.4,56,59.3,56.1,89.7,0.946,100,41.67,rain,0,0,7.2,5.8,125.5,1018.6,82.8,7.4,205.5,17.8,8,10,2023-12-07T07:19:33,2023-12-07T18:14:07,0.83,"Rain, Partially cloudy",Partly cloudy throughout the day with a chance of rain throughout the day.,rain,"MMGL,76613399999,76612099999,remote"
Tequila. MX,2023-12-08,78,49.7,60.5,78,49.7,60.5,53.1,80.3,0,0,0,,0,0,6.9,3.6,190.2,1016,40.5,7.4,175.3,15.3,8,10,2023-12-08T07:20:10,2023-12-08T18:14:22,0.86,Partially cloudy,Partly cloudy throughout the day.,partly-cloudy-day,"MMGL,76612099999,remote"
Tequila. MX,2023-12-09,79.2,51,63.5,79.2,51,63.5,50.7,67.5,0,0,0,,0,0,8.3,9.2,253.8,1016.5,39.9,8.3,205.3,17.7,8,10,2023-12-09T07:20:48,2023-12-09T18:14:38,0.9,Partially cloudy,Partly cloudy throughout the day.,partly-cloudy-day,"MMGL,76613399999,76612099999,remote"
Tequila. MX,2023-12-10,77.1,48.3,62.1,77.1,48.3,62.1,48.9,66.2,0,0,0,,0,0,6,8.1,154.1,1017,72.6,8.2,160,13.9,7,10,2023-12-10T07:21:25,2023-12-10T18:14:55,0.93,Partially cloudy,Becoming cloudy in the afternoon.,partly-cloudy-day,"MMGL,76613399999,76612099999,remote"
Tequila. MX,2023-12-11,68.1,55.1,60.1,68.1,55.1,60.1,51.5,74.1,0.035,100,4.17,rain,0,0,11,15,69.7,1017.2,79.7,9.6,145.6,12.6,7,10,2023-12-11T07:22:02,2023-12-11T18:15:14,0.96,"Rain, Partially cloudy",Partly cloudy throughout the day with afternoon rain.,rain,"MMGL,76613399999,76612099999,remote"
Tequila. MX,2023-12-12,71.7,43.8,56.1,71.7,43.8,56.1,46.5,73.9,0,0,0,,0,0,5.8,5.8,144.7,1017.7,41.6,7.8,193.6,16.7,8,10,2023-12-12T07:22:38,2023-12-12T18:15:34,0,Partially cloudy,Partly cloudy throughout the day.,partly-cloudy-day,"MMGL,76613399999,76612099999,remote"
Tequila. MX,2023-12-13,73.1,48.3,57.7,73.1,48.3,57.7,47.3,71.2,0,0,0,,0,0,6.3,4,111.8,1017.9,72.3,8.8,115.8,10,5,10,2023-12-13T07:23:14,2023-12-13T18:15:55,0.03,Partially cloudy,Partly cloudy throughout the day.,partly-cloudy-day,"MMGL,76613399999,76612099999,remote"
Tequila. MX,2023-12-14,71.9,54.6,62.2,71.9,54.6,62.2,50.7,68,0,0,0,,0,0,3.8,3.6,161.1,1016.4,93.5,9.4,136.1,11.8,6,10,2023-12-14T07:23:49,2023-12-14T18:16:17,0.06,Overcast,Cloudy skies throughout the day.,cloudy,"MMGL,76613399999,76612099999,remote"
Tequila. MX,2023-12-15,80.7,55.1,63.1,79.7,55.1,63.1,51.2,69.1,0,0,0,,0,0,4.5,2.7,277.2,1013.7,33.4,8.5,210.6,18.2,8,10,2023-12-15T07:24:24,2023-12-15T18:16:40,0.1,Partially cloudy,Clearing in the afternoon.,partly-cloudy-day,"76613399999,76612099999,remote"
Tequila. MX,2023-12-16,79.1,49.9,64.4,79.1,49.9,64.4,47.9,59.4,0,0,0,,0,0,7.4,8.1,91.6,1016,22,9.3,213,18.4,8,10,2023-12-16T07:24:58,2023-12-16T18:17:04,0.13,Partially cloudy,Partly cloudy throughout the day.,partly-cloudy-day,"MMGL,76613399999,76612099999,remote"
Tequila. MX,2023-12-17,78.5,49.5,60.7,78.5,49.5,60.7,44.8,59.4,0,0,0,,0,0,4.9,4.4,130,1016.8,41.6,9,179,15.5,7,10,2023-12-17T07:25:31,2023-12-17T18:17:30,0.17,Partially cloudy,Becoming cloudy in the afternoon.,partly-cloudy-day,"MMGL,76613399999,76612099999,remote"
Tequila. MX,2023-12-18,77.1,45.2,58.4,77.1,45.2,58.4,44.5,66.5,0,0,0,,0,0,4.7,4.5,27.6,1016.1,37.5,7,183.9,15.7,8,10,2023-12-18T07:26:04,2023-12-18T18:17:56,0.21,Partially cloudy,Partly cloudy throughout the day.,partly-cloudy-day,"MMGL,76613399999,76612099999"
Tequila. MX,2023-12-19,76.4,43.3,58,76.4,43.3,58,45.1,67.5,0,0,0,,0,0,5.6,4,215.7,1015.3,10.5,7.5,211.5,18.5,8,10,2023-12-19T07:26:36,2023-12-19T18:18:23,0.25,Clear,Clear conditions throughout the day.,clear-day,"MMGL,76613399999,76612099999"
Tequila. MX,2023-12-20,78.9,48,61.4,78.9,48,61.4,48.8,67.7,0,0,0,,0,0,5.1,4.5,298.7,1014.1,44.6,7.7,195.4,16.7,7,10,2023-12-20T07:27:08,2023-12-20T18:18:51,0.28,Partially cloudy,Partly cloudy throughout the day.,partly-cloudy-day,"MMGL,76613399999,76612099999,remote"
Tequila. MX,2023-12-21,77.1,50.1,62.4,77.1,50.1,62.4,47.5,62.1,0,0,0,,0,0,3.4,4.7,207.7,1016.7,65.5,9.1,173.8,15.1,7,10,2023-12-21T07:27:38,2023-12-21T18:19:21,0.31,Partially cloudy,Partly cloudy throughout the day.,partly-cloudy-day,"MMGL,76613399999,76612099999,remote"
Tequila. MX,2023-12-22,81.2,52.1,60.1,79.8,52.1,60,47.8,67.4,0,0,0,,0,0,5.1,5.8,120,1015.8,83.7,7.8,128.3,11.2,7,10,2023-12-22T07:28:08,2023-12-22T18:19:51,0.35,Partially cloudy,Partly cloudy throughout the day.,partly-cloudy-day,"MMGL,76613399999,76612099999,remote"
Tequila. MX,2023-12-23,76.4,49.7,60.2,76.4,49.7,60.2,49.6,70.7,0,0,0,,0,0,17.7,5.6,277.4,1016,55.7,7.7,170.4,14.8,6,10,2023-12-23T07:28:37,2023-12-23T18:20:22,0.38,Partially cloudy,Partly cloudy throughout the day.,partly-cloudy-day,"MMGL,76613399999,76612099999,remote"
Tequila. MX,2023-12-24,73.5,50.5,59.7,73.5,50.5,59.7,47.9,69.1,0.039,100,4.17,rain,0,0,13.2,9.8,282.3,1015.6,44.5,10.5,206.3,17.8,8,10,2023-12-24T07:29:05,2023-12-24T18:20:53,0.42,"Rain, Partially cloudy",Partly cloudy throughout the day with early morning rain.,rain,"MMGL,76613399999,76612099999,remote"
Tequila. MX,2023-12-25,70.6,48.1,58.2,70.6,48.1,58.2,45,62.8,0,0,0,,0,0,11.9,6.9,248.1,1017.1,96.1,10.5,109.1,9.4,4,10,2023-12-25T07:29:33,2023-12-25T18:21:26,0.45,Overcast,Cloudy skies throughout the day.,cloudy,"MMGL,76613399999,76612099999,remote"
Tequila. MX,2023-12-26,65,51.9,57.7,65,51.9,57.7,47.8,70.7,0.028,100,8.33,rain,0,0,6.7,6.9,218.7,1015,97.3,8.2,97.2,8.4,5,10,2023-12-26T07:29:59,2023-12-26T18:21:59,0.5,"Rain, Overcast",Cloudy skies throughout the day with rain clearing later.,rain,"MMGL,76613399999,76612099999,remote"
Tequila. MX,2023-12-27,73.7,46.7,57.5,73.7,46.7,57.5,42.6,64.3,0,0,0,,0,0,9.2,5.8,288.6,1015.6,27.7,8.9,193.7,16.8,8,10,2023-12-27T07:30:24,2023-12-27T18:22:33,0.52,Partially cloudy,Partly cloudy throughout the day.,partly-cloudy-day,"MMGL,76613399999,76612099999,remote"
Tequila. MX,2023-12-28,74.7,40.2,55.2,74.7,40.2,55.2,40.8,64.2,0,0,0,,0,0,10.1,6.7,267.9,1017.2,10.2,7.4,209.3,17.9,7,10,2023-12-28T07:30:49,2023-12-28T18:23:08,0.56,Clear,Clear conditions throughout the day.,clear-day,"MMGL,76613399999,76612099999,remote"
Tequila. MX,2023-12-29,72.8,40.3,54.7,72.8,40.3,54.7,37.1,57.6,0,0,0,,0,0,6.9,4.7,298.2,1017.9,3.4,8.5,220,19,8,10,2023-12-29T07:31:12,2023-12-29T18:23:43,0.59,Clear,Clear conditions throughout the day.,clear-day,"MMGL,76613399999,76612099999,remote"
Tequila. MX,2023-12-30,71.3,37.5,55.4,71.3,37.5,55.4,34.2,48.1,0,0,0,,0,0,4.5,8.1,99.1,1021.6,0.2,9.9,221.6,19.2,8,10,2023-12-30T07:31:34,2023-12-30T18:24:19,0.62,Clear,Clear conditions throughout the day.,clear-day,"MMGL,76613399999,76612099999,remote"
Tequila. MX,2023-12-31,75.6,40,55.9,75.6,40,55.9,38.5,57.7,0,0,0,,0,0,7.4,5.3,298.7,1021.1,53,8.7,203.5,17.6,8,10,2023-12-31T07:31:55,2023-12-31T18:24:56,0.65,Partially cloudy,Partly cloudy throughout the day.,partly-cloudy-day,"MMGL,76613399999,76612099999,remote"
Tequila. MX,2024-01-01,77.6,44.6,60.7,77.6,44.6,60.7,41.3,52.8,0,0,0,,0,0,6.5,8.1,174.3,1020.3,86.6,11.2,181.6,15.8,7,10,2024-01-01T07:32:15,2024-01-01T18:25:33,0.69,Partially cloudy,Partly cloudy throughout the day.,partly-cloudy-day,"MMGL,76613399999,76612099999,remote"
Tequila. MX,2024-01-02,74.2,49.7,58.3,74.2,49.7,58.3,46.5,66.9,0,0,0,,0,0,10.7,5.8,305.3,1018.5,74.3,8.1,174.7,15.1,8,10,2024-01-02T07:32:34,2024-01-02T18:26:11,0.72,Partially cloudy,Partly cloudy throughout the day.,partly-cloudy-day,"MMGL,76613399999,76612099999,remote"
Tequila. MX,2024-01-03,79.4,40.2,58,79.4,40.2,58,40.5,60.9,0,0,0,,0,0,8.9,5.8,166.7,1017.3,12.2,7.8,224.5,19.2,8,10,2024-01-03T07:32:52,2024-01-03T18:26:49,0.75,Clear,Clear conditions throughout the day.,clear-day,"MMGL,76613399999,76612099999,remote"
Tequila. MX,2024-01-04,79.1,42,58.2,79.1,42,58.2,38.2,55.2,0,0,0,,0,0,12.5,10.3,236.3,1017,14.8,9.3,224.5,19.2,8,10,2024-01-04T07:33:09,2024-01-04T18:27:27,0.78,Clear,Clear conditions throughout the day.,clear-day,"MMGL,76613399999,76612099999,remote"
Tequila. MX,2024-01-05,74.8,43.4,58.5,74.8,43.4,58.5,41.2,59.1,0,0,0,,0,0,14.3,8.9,240.9,1014.1,17.5,7.7,219.2,19,8,10,2024-01-05T07:33:24,2024-01-05T18:28:06,0.81,Clear,Clear conditions throughout the day.,clear-day,"MMGL,76613399999,76612099999,remote"
Tequila. MX,2024-01-06,75.1,41.1,57.9,75.1,41.1,57.9,41.8,59.8,0,0,0,,0,0,12.3,15,230.6,1015.2,31.4,8.5,222.6,19,8,10,2024-01-06T07:33:38,2024-01-06T18:28:45,0.85,Partially cloudy,Partly cloudy throughout the day.,partly-cloudy-day,"MMGL,76613399999,76612099999,remote"
Tequila. MX,2024-01-07,79.4,49.1,58.7,79.4,49.1,58.7,46.7,67.1,0,0,0,,0,0,23,12.3,197.4,1014.2,68,8.6,210.2,18,8,10,2024-01-07T07:33:51,2024-01-07T18:29:25,0.88,Partially cloudy,Partly cloudy throughout the day.,partly-cloudy-day,"MMGL,76613399999,76612099999,remote"
Tequila. MX,2024-01-08,78.3,49.7,60.8,78.3,49.7,60.8,49.1,70.2,0,0,0,,0,0,21.5,9.4,259.1,1013.2,45.7,9.1,199.2,17,8,10,2024-01-08T07:34:03,2024-01-08T18:30:04,0.91,Partially cloudy,Partly cloudy throughout the day.,partly-cloudy-day,"MMGL,76613399999,76612099999,remote"
Tequila. MX,2024-01-09,79.1,46.1,59.3,79.1,46.1,59.3,41.6,61.8,0,0,0,,0,0,9.6,6.7,291.1,1013,49.3,8.2,215.8,18.8,8,10,2024-01-09T07:34:14,2024-01-09T18:30:44,0.94,Partially cloudy,Partly cloudy throughout the day.,partly-cloudy-day,"MMGL,76613399999,76612099999,remote"
Tequila. MX,2024-01-10,77.4,44,57.7,77.4,44,57.7,42.6,63.7,0,0,0,,0,0,13.4,7.6,250.3,1014.3,71.5,8.3,198.4,17.1,7,10,2024-01-10T07:34:23,2024-01-10T18:31:25,0.98,Partially cloudy,Partly cloudy throughout the day.,partly-cloudy-day,"MMGL,76612099999,remote"
Tequila. MX,2024-01-11,75.2,42.5,57.7,75.2,42.5,57.7,40.5,61.4,0,0,0,,0,0,12.3,5.7,237.3,1015,55.4,7.8,194.8,16.8,8,10,2024-01-11T07:34:31,2024-01-11T18:32:05,0,Partially cloudy,Partly cloudy throughout the day.,partly-cloudy-day,"MMGL,76613399999,76612099999,remote"
Tequila. MX,2024-01-12,78.2,42.9,58.9,78.2,42.9,58.9,41.2,59.3,0,0,0,,0,0,7.4,4.9,271.4,1014.1,34.1,7.8,203.3,17.6,8,10,2024-01-12T07:34:38,2024-01-12T18:32:45,0.04,Partially cloudy,Partly cloudy throughout the day.,partly-cloudy-day,"MMGL,76613399999,76612099999,remote"
Tequila. MX,2024-01-13,77.1,49.3,61.6,77.1,49.3,61.6,35.8,45.2,0,0,0,,0,0,12.1,5.7,278.2,1013.3,73.3,8.4,209.5,17.9,8,10,2024-01-13T07:34:43,2024-01-13T18:33:26,0.08,Partially cloudy,Partly cloudy throughout the day.,partly-cloudy-day,"MMGL,76613399999,76612099999,remote"
Tequila. MX,2024-01-14,79.2,44.9,59.9,79.2,44.9,59.9,37.1,49.3,0,0,0,,0,0,10.3,6.9,309.9,1013.9,44.9,7,231.5,20,8,10,2024-01-14T07:34:47,2024-01-14T18:34:07,0.11,Partially cloudy,Partly cloudy throughout the day.,partly-cloudy-day,"76613399999,76612099999"
Tequila. MX,2024-01-15,80.3,42.5,60.6,79.8,42.5,60.5,38.9,50.7,0,0,0,,0,0,9.2,4.7,283.2,1013.7,7.3,6.9,229.5,19.8,8,10,2024-01-15T07:34:50,2024-01-15T18:34:47,0.15,Clear,Clear conditions throughout the day.,clear-day,"76613399999,76612099999"
Tequila. MX,2024-01-16,84.6,43.9,62.4,81.6,43.9,62,38.9,49.6,0,0,0,,0,0,13.6,5.3,282.2,1012.9,27.5,7.8,210.3,18.2,7,10,2024-01-16T07:34:51,2024-01-16T18:35:28,0.18,Partially cloudy,Partly cloudy throughout the day.,partly-cloudy-day,"MMGL,76613399999,76612099999,remote"
Tequila. MX,2024-01-17,82.1,45.3,61.7,80,45.3,61.6,41.8,52.8,0,0,0,,0,0,10.3,4.5,300.4,1014.9,72,8,178.8,15.4,7,10,2024-01-17T07:34:51,2024-01-17T18:36:09,0.25,Partially cloudy,Partly cloudy throughout the day.,partly-cloudy-day,"MMGL,76613399999,76612099999,remote"
Tequila. MX,2024-01-18,71.9,57.3,63.3,71.9,57.3,63.3,45.3,53.5,0,0,0,,0,0,6.3,3.6,263.6,1016.6,90.9,8.3,150.3,12.9,6,10,2024-01-18T07:34:50,2024-01-18T18:36:49,0.25,Overcast,Cloudy skies throughout the day.,cloudy,"MMGL,76613399999,76612099999,remote"
Tequila. MX,2024-01-19,87.9,49.9,62.8,84.2,49.9,62.6,40.9,54,0,0,0,,0,0,3.6,3.6,238.3,1015.8,60.8,7.1,209.3,18.2,8,10,2024-01-19T07:34:48,2024-01-19T18:37:30,0.29,Partially cloudy,Partly cloudy throughout the day.,partly-cloudy-day,"MMGL,76613399999,76612099999,remote"
Tequila. MX,2024-01-20,87.2,55.1,65.8,83.6,55.1,65.6,42.7,46.4,0,0,0,,0,0,12.8,9.2,133.7,1015.5,77.3,9.4,215.1,18.5,8,10,2024-01-20T07:34:44,2024-01-20T18:38:10,0.32,Partially cloudy,Partly cloudy throughout the day.,partly-cloudy-day,"76613399999,76612099999,remote"
Tequila. MX,2024-01-21,81,50.4,64.1,79.6,50.4,64,47.5,58.9,0,0,0,,0,0,11.2,6.3,184.4,1014.8,43.1,8.4,168.8,14.6,8,10,2024-01-21T07:34:38,2024-01-21T18:38:50,0.36,Partially cloudy,Becoming cloudy in the afternoon.,partly-cloudy-day,"MMGL,76613399999,76612099999,remote"
Tequila. MX,2024-01-22,77.3,50.1,62.5,77.3,50.1,62.5,49.3,65.5,0,0,0,,0,0,15.7,9.5,276.8,1014.6,46.5,7.1,193.8,16.9,8,10,2024-01-22T07:34:32,2024-01-22T18:39:30,0.39,Partially cloudy,Partly cloudy throughout the day.,partly-cloudy-day,"MMGL,76613399999,76612099999"
Tequila. MX,2024-01-23,78.2,49.7,62.9,78.2,49.7,62.9,48.8,65.6,0,0,0,,0,0,15.9,5.6,240.5,1014.1,41.9,8.2,219.2,18.9,8,10,2024-01-23T07:34:24,2024-01-23T18:40:10,0.43,Partially cloudy,Partly cloudy throughout the day.,partly-cloudy-day,"MMGL,76613399999,76612099999,remote"
Tequila. MX,2024-01-24,80.7,48.1,62.7,79.3,48.1,62.6,48.9,66.4,0,0,0,,0,0,16.1,7.8,271.6,1015,66.9,10.4,209.1,18.1,8,10,2024-01-24T07:34:15,2024-01-24T18:40:49,0.47,Partially cloudy,Partly cloudy throughout the day.,partly-cloudy-day,"MMGL,76613399999,76612099999,remote"
Tequila. MX,2024-01-25,81.8,49.5,64.9,79.8,49.5,64.7,45.3,56.1,0,0,0,,0,0,14.3,5.8,224.8,1015.4,17.7,8.6,231.6,20.1,8,10,2024-01-25T07:34:04,2024-01-25T18:41:28,0.5,Clear,Clear conditions throughout the day.,clear-day,"MMGL,76613399999,76612099999,remote"
Tequila. MX,2024-01-26,84.8,47,63.6,81.7,47,63.1,42,55.2,0,0,0,,0,0,11.2,7.1,276.5,1014.9,0,8.2,240.8,20.8,9,10,2024-01-26T07:33:53,2024-01-26T18:42:07,0.53,Clear,Clear conditions throughout the day.,clear-day,"MMGL,76613399999,76612099999,remote"
Tequila. MX,2024-01-27,87.2,44,62.8,83.6,44,62.4,38.5,49.8,0,0,0,,0,0,8.5,9.2,305.1,1017.3,1,7.8,242.8,20.9,9,10,2024-01-27T07:33:39,2024-01-27T18:42:46,0.57,Clear,Clear conditions throughout the day.,clear-day,"MMGL,76613399999,76612099999,remote"
Tequila. MX,2024-01-28,87,45,61.8,83.4,45,61.5,37.8,48.3,0,0,0,,0,0,5.6,5.8,58.3,1019.2,27.6,7.3,237.1,20.5,9,10,2024-01-28T07:33:25,2024-01-28T18:43:24,0.6,Partially cloudy,Partly cloudy throughout the day.,partly-cloudy-day,"MMGL,76613399999,76612099999,remote"
Tequila. MX,2024-01-29,79.1,47.4,62.7,79.1,47.4,62.7,38.5,45.7,0,0,0,,0,0,4.9,4,94.9,1018.2,62.2,7.2,143.5,12.4,7,10,2024-01-29T07:33:09,2024-01-29T18:44:02,0.63,Partially cloudy,Partly cloudy throughout the day.,partly-cloudy-day,"MMGL,76613399999,76612099999,remote"
Tequila. MX,2024-01-30,83.2,56.6,66.1,80.6,56.6,65.9,40.1,42.3,0,0,0,,0,0,9.6,4.7,15.1,1015.3,79.7,8.4,167.8,14.6,6,10,2024-01-30T07:32:52,2024-01-30T18:44:40,0.66,Partially cloudy,Partly cloudy throughout the day.,partly-cloudy-day,"MMGL,76613399999,76612099999,remote"
Tequila. MX,2024-01-31,76.7,52.4,64.5,76.7,52.4,64.5,43.8,49.4,0,0,0,,0,0,10.5,4.3,206.4,1015.9,87.2,9.5,117.8,10.2,6,10,2024-01-31T07:32:34,2024-01-31T18:45:17,0.7,Partially cloudy,Partly cloudy throughout the day.,partly-cloudy-day,"MMGL,76613399999,76612099999,remote"
Tequila. MX,2024-02-01,80.7,53.9,67.9,79.4,53.9,67.8,47.1,50.6,0,0,0,,0,0,12.5,5,252,1014.2,56.4,8.8,163.3,14,8,10,2024-02-01T07:32:14,2024-02-01T18:45:54,0.73,Partially cloudy,Partly cloudy throughout the day.,partly-cloudy-day,"MMGL,76613399999,76612099999,remote"
Tequila. MX,2024-02-02,79.6,50.3,63.8,79.6,50.3,63.8,45.6,55.9,0,0,0,,0,0,14.5,19.7,275.5,1013,20.8,8.1,246.8,21.3,9,10,2024-02-02T07:31:54,2024-02-02T18:46:30,0.75,Partially cloudy,Partly cloudy throughout the day.,partly-cloudy-day,"MMGL,76613399999,76612099999,remote"
Tequila. MX,2024-02-03,76.2,47.9,60.5,76.2,47.9,60.5,40.3,54.5,0,0,0,,0,0,17,20.8,297.1,1011.2,2.9,7.3,255.3,22,9,10,2024-02-03T07:31:32,2024-02-03T18:47:06,0.8,Clear,Clear conditions throughout the day.,clear-day,"MMGL,76613399999,76612099999,remote"
Tequila. MX,2024-02-04,80,37.6,58.8,80,37.6,58.8,30.7,44.6,0,0,0,,0,0,8.3,6.7,306.2,1012.4,0.2,7.9,262.3,22.8,9,10,2024-02-04T07:31:09,2024-02-04T18:47:42,0.83,Clear,Clear conditions throughout the day.,clear-day,"MMGL,76613399999,76612099999,remote"
Tequila. MX,2024-02-05,82.1,40.1,59.1,79.7,40.1,58.8,26.1,36.3,0,0,0,,0,0,6.9,5,118.5,1014.4,0.9,8.4,265.6,23,9,10,2024-02-05T07:30:44,2024-02-05T18:48:17,0.86,Clear,Clear conditions throughout the day.,clear-day,"MMGL,76613399999,76612099999,remote"
Tequila. MX,2024-02-06,88.4,41.5,62.3,84.7,41.5,61.5,28.3,35.3,0,0,0,,0,0,6.9,4.3,150.9,1014,1.4,8.5,266.6,23.1,9,10,2024-02-06T07:30:19,2024-02-06T18:48:51,0.89,Clear,Clear conditions throughout the day.,clear-day,"MMGL,76613399999,76612099999,remote"
Tequila. MX,2024-02-07,86.3,46.8,65,82.9,46.8,64.5,39.7,45.8,0,0,0,,0,0,12.3,8.1,300.2,1013.3,24.2,7.8,257.9,22.3,9,10,2024-02-07T07:29:52,2024-02-07T18:49:25,0.93,Partially cloudy,Partly cloudy throughout the day.,partly-cloudy-day,"MMGL,76613399999,76612099999,remote"
Tequila. MX,2024-02-08,81.8,46,62.9,79.7,46,62.6,39,49.6,0,0,0,,0,0,12.3,6.3,274.1,1014.7,18.2,8.7,259.8,22.3,9,10,2024-02-08T07:29:24,2024-02-08T18:49:59,0.96,Clear,Clear conditions throughout the day.,clear-day,"MMGL,76613399999,76612099999,remote"
Tequila. MX,2024-02-09,83.8,45.5,63.9,81,45.5,63.5,43.3,54.2,0,0,0,,0,0,11.6,7.6,249.4,1011.8,7.7,7.1,259.5,22.4,9,10,2024-02-09T07:28:55,2024-02-09T18:50:32,0,Clear,Clear conditions throughout the day.,clear-day,"MMGL,76613399999,76612099999"
Tequila. MX,2024-02-10,80.7,49.5,64.6,78.9,49.5,64.4,42.3,51.8,0,0,0,,0,0,15.4,15,254.4,1012.7,64.8,7.5,194.3,16.7,8,10,2024-02-10T07:28:25,2024-02-10T18:51:05,0.03,Partially cloudy,Partly cloudy throughout the day.,partly-cloudy-day,"MMGL,76613399999,76612099999,remote"
Tequila. MX,2024-02-11,78.5,49.2,62.7,78.5,49.2,62.7,38.4,46.5,0,0,0,,0,0,20.8,10.1,290.4,1011.6,64.4,7.6,214.3,18.4,9,10,2024-02-11T07:27:54,2024-02-11T18:51:37,0.06,Partially cloudy,Partly cloudy throughout the day.,partly-cloudy-day,"MMGL,76613399999,76612099999,remote"
Tequila. MX,2024-02-12,69,51.5,60.6,69,51.5,60.6,39.5,48.2,0,0,0,,0,0,19.7,8.9,330.5,1013.2,90.7,7,139.5,12.2,6,10,2024-02-12T07:27:22,2024-02-12T18:52:09,0.1,Overcast,Cloudy skies throughout the day.,cloudy,"MMGL,76613399999,76612099999,remote"
Tequila. MX,2024-02-13,79.6,53.3,63.4,79.6,53.3,63.4,44.5,52.8,0,0,0,,0,0,21.9,6.9,183.9,1015.1,90.9,9,133.8,11.5,7,10,2024-02-13T07:26:49,2024-02-13T18:52:40,0.13,Overcast,Cloudy skies throughout the day.,cloudy,"MMGL,76613399999,76612099999,remote"
Tequila. MX,2024-02-14,68.8,51.5,59.8,68.8,51.5,59.8,47.4,66.2,0.012,100,4.17,rain,0,0,7.4,6.7,307.3,1018.6,90.4,11.1,83.4,7.4,4,10,2024-02-14T07:26:14,2024-02-14T18:53:11,0.16,"Rain, Overcast",Cloudy skies throughout the day with afternoon rain.,rain,"MMGL,76613399999,76612099999,remote"
Tequila. MX,2024-02-15,72.2,53,60,72.2,53,60,52.4,78.5,0.032,100,16.67,rain,0,0,11,15,300.5,1018.4,94.5,7.7,95.8,8.2,5,10,2024-02-15T07:25:39,2024-02-15T18:53:41,0.2,"Rain, Overcast",Cloudy skies throughout the day with rain clearing later.,rain,"MMGL,76613399999,76612099999,remote"
Tequila. MX,2024-02-16,60,53.7,56.9,60,53.7,56.9,54.5,92,0.638,100,50,rain,0,0,8.1,19.7,184.2,1016.3,99.8,8,15.3,1.4,1,10,2024-02-16T07:25:03,2024-02-16T18:54:11,0.25,"Rain, Overcast",Cloudy skies throughout the day with a chance of rain throughout the day.,rain,"MMGL,76613399999,76612099999,remote"
Tequila. MX,2024-02-17,67.2,51.6,58.1,67.2,51.6,58.1,47.3,70.7,0.016,100,4.17,rain,0,0,10.3,9.2,277.1,1014,48.7,8.2,257.2,22.2,9,10,2024-02-17T07:24:26,2024-02-17T18:54:40,0.27,"Rain, Partially cloudy",Partly cloudy throughout the day with early morning rain.,rain,"MMGL,76613399999,76612099999,remote"
Tequila. MX,2024-02-18,76.7,42.2,57.7,76.7,42.2,57.7,39.7,58.1,0,0,0,,0,0,16.1,6.9,19.2,1017.3,0,7.7,275.3,23.9,10,10,2024-02-18T07:23:48,2024-02-18T18:55:09,0.3,Clear,Clear conditions throughout the day.,clear-day,"MMGL,76613399999,76612099999"
Tequila. MX,2024-02-19,83.4,44,61.4,80.7,44,61.1,40.5,55.2,0,0,0,,0,0,4.7,3.6,296.8,1017.6,0,7.9,279.3,24.1,10,10,2024-02-19T07:23:09,2024-02-19T18:55:37,0.34,Clear,Clear conditions throughout the day.,clear-day,"MMGL,76613399999,76612099999,remote"
Tequila. MX,2024-02-20,88.2,43.4,65,84.4,43.4,64.3,35.6,43.8,0,0,0,,0,0,6.7,3.6,211.9,1019.4,0,7.9,281.2,24.1,10,10,2024-02-20T07:22:29,2024-02-20T18:56:05,0.37,Clear,Clear conditions throughout the day.,clear-day,"MMGL,76613399999,76612099999,remote"
Tequila. MX,2024-02-21,86.1,48.5,66.1,82.7,48.5,65.5,41.7,50,0,0,0,,0,0,6.3,5.4,319.2,1017.9,0,7.2,278.5,24,10,10,2024-02-21T07:21:48,2024-02-21T18:56:32,0.4,Clear,Clear conditions throughout the day.,clear-day,"MMGL,76613399999,76612099999,remote"
Tequila. MX,2024-02-22,86.3,49.2,67.1,82.9,49.2,66.4,36.9,40.6,0,0,0,,0,0,8.1,5.4,290.2,1016.4,5.5,9.2,277,23.9,10,10,2024-02-22T07:21:06,2024-02-22T18:56:59,0.44,Clear,Clear conditions throughout the day.,clear-day,"MMGL,76613399999,76612099999,remote"
Tequila. MX,2024-02-23,87.7,46,66.1,84,46,65.3,34.7,38.8,0,0,0,,0,0,7.6,12.9,289.2,1015.1,20.9,8.3,263,22.8,10,10,2024-02-23T07:20:24,2024-02-23T18:57:25,0.47,Partially cloudy,Partly cloudy throughout the day.,partly-cloudy-day,"MMGL,76613399999,76612099999,remote"
Tequila. MX,2024-02-24,87.5,47.7,67.7,83.9,47.7,66.9,37.1,39,0,0,0,,0,0,7.8,5.8,287.6,1014.7,35.3,8.4,258.5,22.4,9,10,2024-02-24T07:19:41,2024-02-24T18:57:51,0.5,Partially cloudy,Partly cloudy throughout the day.,partly-cloudy-day,"MMGL,76613399999,76612099999,remote"
Tequila. MX,2024-02-25,90.6,50.1,69.5,86.4,50.1,68.4,40,42.9,0,0,0,,0,0,4.9,4.5,184,1016.3,8.3,7.8,286.9,24.9,10,10,2024-02-25T07:18:57,2024-02-25T18:58:16,0.54,Clear,Clear conditions throughout the day.,clear-day,"MMGL,76613399999,76612099999,remote"
Tequila. MX,2024-02-26,89.3,53.1,71.1,85.5,53.1,70.1,42.2,41.8,0,0,0,,0,0,11,9.2,306.1,1016.3,4.2,7.2,288.2,25,10,10,2024-02-26T07:18:13,2024-02-26T18:58:41,0.58,Clear,Clear conditions throughout the day.,clear-day,"MMGL,76613399999,76612099999,remote"
Tequila. MX,2024-02-27,88.4,53.1,70.5,84.6,53.1,69.5,41.3,42.3,0,0,0,,0,0,11.4,15,285,1015.1,3.1,9.5,287.7,25.1,10,10,2024-02-27T07:17:27,2024-02-27T18:59:06,0.61,Clear,Clear conditions throughout the day.,clear-day,"MMGL,76613399999,76612099999,remote"
Tequila. MX,2024-02-28,90.6,50.1,69.4,86.5,50.1,68.4,31.5,32,0,0,0,,0,0,8.1,6.2,286.3,1015.9,36,9.8,283.5,24.5,10,10,2024-02-28T07:16:41,2024-02-28T18:59:30,0.64,Partially cloudy,Clearing in the afternoon.,partly-cloudy-day,"MMGL,76613399999,76612099999,remote"
Tequila. MX,2024-02-29,87,50.6,68,83.5,50.6,67.2,30.8,30.4,0,0,0,,0,0,23,9.8,302.7,1015.2,53.4,10,277.2,23.9,10,10,2024-02-29T07:15:55,2024-02-29T18:59:54,0.68,Partially cloudy,Partly cloudy throughout the day.,partly-cloudy-day,"MMGL,76613399999,76612099999,remote"
Tequila. MX,2024-03-01,86.4,47.6,66.6,83,47.6,66.1,37.7,40.8,0,0,0,,0,0,12.8,11.4,294.8,1016.1,48.9,8.2,275.2,23.7,10,10,2024-03-01T07:15:07,2024-03-01T19:00:17,0.71,Partially cloudy,Becoming cloudy in the afternoon.,partly-cloudy-day,"MMGL,76613399999,76612099999,remote"
Tequila. MX,2024-03-02,85.9,51.5,67.2,82.6,51.5,66.5,38.6,42.9,0,0,0,,0,0,14.1,9.8,288.1,1016.2,39.9,10.9,266.3,23.1,10,10,2024-03-02T07:14:20,2024-03-02T19:00:40,0.74,Partially cloudy,Partly cloudy throughout the day.,partly-cloudy-day,"MMGL,76613399999,76612099999,remote"
Tequila. MX,2024-03-03,85.7,50.6,66.8,82.5,50.6,66.1,37.9,41.7,0,0,0,,0,0,12.8,10.3,279.2,1015.8,18.2,8.2,296.8,25.7,10,10,2024-03-03T07:13:31,2024-03-03T19:01:03,0.75,Clear,Clear conditions throughout the day.,clear-day,"MMGL,76613399999,76612099999,remote"
Tequila. MX,2024-03-04,82.1,48.8,65.4,79.8,48.8,64.9,37.3,43.7,0,0,0,,0,0,28.9,15,290.4,1014.8,2.2,9.2,296.4,25.7,10,10,2024-03-04T07:12:42,2024-03-04T19:01:25,0.81,Clear,Clear conditions throughout the day.,clear-day,"MMGL,76613399999,76612099999,remote"
Tequila. MX,2024-03-05,85.2,44,65.6,82,44,65,31.5,34.6,0,0,0,,0,0,12.5,13.9,280.3,1011.7,34.6,7.8,290.1,25.2,10,10,2024-03-05T07:11:53,2024-03-05T19:01:47,0.84,Partially cloudy,Partly cloudy throughout the day.,partly-cloudy-day,"MMGL,76613399999,76612099999,remote"
Tequila. MX,2024-03-06,87.5,45.8,67.1,84,45.8,66.4,31.2,32.3,0,0,0,,0,0,12.3,9.6,281.1,1009.8,16.5,7.8,292.6,25.2,10,10,2024-03-06T07:11:03,2024-03-06T19:02:09,0.88,Clear,Clear conditions throughout the day.,clear-day,"MMGL,76613399999,76612099999,remote"
Tequila. MX,2024-03-07,84.8,46.5,66.2,81.7,46.5,65.5,29.2,30.3,0,0,0,,0,0,15,11.4,264,1012.4,30.6,8.8,301.6,26.3,10,10,2024-03-07T07:10:12,2024-03-07T19:02:30,0.91,Partially cloudy,Clearing in the afternoon.,partly-cloudy-day,"76613399999,76612099999,remote"
Tequila. MX,2024-03-08,85.9,46.5,65.7,82.6,46.5,65.1,29.6,31.7,0,0,0,,0,0,16.8,11.6,268.6,1012.2,42.3,8.5,289.1,24.8,10,10,2024-03-08T07:09:22,2024-03-08T19:02:51,0.95,Partially cloudy,Partly cloudy throughout the day.,partly-cloudy-day,"MMGL,76613399999,76612099999,remote"
Tequila. MX,2024-03-09,90.6,49.4,68.3,86.5,49.4,67.3,30.9,28.3,0,0,0,,0,0,12.8,6.7,263.7,1011.6,43,10.9,297.5,25.7,10,10,2024-03-09T07:08:30,2024-03-09T19:03:12,0.98,Partially cloudy,Partly cloudy throughout the day.,partly-cloudy-day,"MMGL,76613399999,76612099999,remote"
Tequila. MX,2024-03-10,89.9,47.2,68.4,85.8,47.2,67.4,31.3,30.1,0,0,0,,0,0,13.6,9.2,294.6,1012,47.8,8.1,291.3,25.2,10,10,2024-03-10T07:07:39,2024-03-10T19:03:32,0,Partially cloudy,Partly cloudy throughout the day.,partly-cloudy-day,"MMGL,76613399999,76612099999,remote"
Tequila. MX,2024-03-11,91.7,49.2,68.8,87.3,49.2,67.8,35.4,33.8,0,0,0,,0,0,16.1,5.8,274.1,1012.2,19.5,7.5,298.8,26,10,10,2024-03-11T07:06:47,2024-03-11T19:03:52,0.05,Clear,Clear conditions throughout the day.,clear-day,"MMGL,76613399999,76612099999,remote"
Tequila. MX,2024-03-12,88.6,52.8,70.4,84.7,52.8,69.5,40,38.1,0,0,0,,0,0,13.2,8.1,257.9,1013.3,14.5,8.1,304,26.3,10,10,2024-03-12T07:05:54,2024-03-12T19:04:12,0.08,Clear,Clear conditions throughout the day.,clear-day,"MMGL,76613399999,76612099999,remote"
Tequila. MX,2024-03-13,88.8,51.2,68.4,84.9,51.2,67.6,39.8,41.9,0,0,0,,0,0,16.6,10.1,253.2,1012.7,35.4,9.9,294.2,25.4,10,10,2024-03-13T07:05:02,2024-03-13T19:04:32,0.11,Partially cloudy,Partly cloudy throughout the day.,partly-cloudy-day,"MMGL,76612099999,remote"
Tequila. MX,2024-03-14,89.1,51.9,69.8,85.2,51.9,68.8,37.7,40.6,0,0,0,,0,0,17.9,4.9,247.7,1009.4,52.5,8.8,279,24.3,9,10,2024-03-14T07:04:09,2024-03-14T19:04:51,0.15,Partially cloudy,Partly cloudy throughout the day.,partly-cloudy-day,"MMGL,76613399999,76612099999,remote"
Tequila. MX,2024-03-15,86.5,51.2,69.5,83.1,51.2,68.6,35.9,34.2,0,0,0,,0,0,15.2,9.2,250.4,1009.9,40.4,7.4,294.2,25.6,10,10,2024-03-15T07:03:16,2024-03-15T19:05:10,0.18,Partially cloudy,Partly cloudy throughout the day.,partly-cloudy-day,"MMGL,76613399999,76612099999,remote"
Tequila. MX,2024-03-16,92.6,53.7,72.5,88.3,53.7,71.2,42.2,43.3,0,0,0,,0,0,26.4,12.8,252.9,1009.7,8.4,9.3,307.1,26.4,10,10,2024-03-16T07:02:22,2024-03-16T19:05:29,0.25,Clear,Clear conditions throughout the day.,clear-day,"MMGL,76613399999,76612099999,remote"
Tequila. MX,2024-03-17,90.6,51.9,71.5,86.4,51.9,70.4,36.6,33.6,0,0,0,,0,0,17.9,12.1,284.1,1010.2,18.4,9,314.4,27.1,10,10,2024-03-17T07:01:29,2024-03-17T19:05:48,0.25,Clear,Clear conditions throughout the day.,clear-day,"MMGL,76613399999,76612099999,remote"
Tequila. MX,2024-03-18,91.5,49.7,70.4,87.2,49.7,69.3,32.7,31.3,0,0,0,,0,0,16.6,12.1,249.2,1010.6,16.1,7.8,318.6,27.6,10,10,2024-03-18T07:00:35,2024-03-18T19:06:07,0.28,Clear,Clear conditions throughout the day.,clear-day,"MMGL,76613399999,76612099999,remote"
Tequila. MX,2024-03-19,89.7,58.2,73.9,85.7,58.2,72.6,32.7,24.8,0,0,0,,0,0,14.1,12.8,292.8,1011.1,54.7,8.6,288,24.9,10,10,2024-03-19T06:59:41,2024-03-19T19:06:25,0.31,Partially cloudy,Partly cloudy throughout the day.,partly-cloudy-day,"MMGL,76613399999,76612099999,remote"
Tequila. MX,2024-03-20,89.5,58.7,73.5,85.5,58.7,72.4,36.2,29.8,0,0,0,,0,0,17.2,7.1,266,1011.9,49.8,8.1,232,20.1,9,10,2024-03-20T06:58:47,2024-03-20T19:06:44,0.35,Partially cloudy,Partly cloudy throughout the day.,partly-cloudy-day,"MMGL,76613399999,76612099999,remote"
Tequila. MX,2024-03-21,87.9,56.9,70.2,84.1,56.9,69.4,40.5,39.3,0,0,0,,0,0,20.1,17.2,271.2,1013.8,9.5,9.6,316.5,27.4,10,10,2024-03-21T06:57:53,2024-03-21T19:07:02,0.38,Clear,Clear conditions throughout the day.,clear-day,"76613399999,76612099999,remote"
Tequila. MX,2024-03-22,88.4,51,69,84.6,51,67.9,30.5,32.9,0,0,0,,0,0,14.8,19.7,278.6,1013,0.1,9.3,328.9,28.4,10,10,2024-03-22T06:56:59,2024-03-22T19:07:20,0.41,Clear,Clear conditions throughout the day.,clear-day,"76613399999,76612099999,remote"
Tequila. MX,2024-03-23,93.8,46.1,67.9,89.3,46.1,67,24.4,23.9,0,0,0,,0,0,13.6,13.9,249,1014.5,0.8,10.9,336.3,29,10,10,2024-03-23T06:56:05,2024-03-23T19:07:38,0.45,Clear,Clear conditions throughout the day.,clear-day,"MMGL,76613399999,76612099999,remote"
Tequila. MX,2024-03-24,85.9,49.4,66.6,82.9,49.4,65.8,23.7,26.9,0,0,0,,0,0,31.1,16.1,264.5,1012.1,22.7,9.7,336.9,28.9,10,10,2024-03-24T06:55:11,2024-03-24T19:07:56,0.48,Partially cloudy,Partly cloudy throughout the day.,partly-cloudy-day,"MMGL,76613399999,76612099999,remote"
Tequila. MX,2024-03-25,83,48.8,64.2,80.4,48.8,63.7,26.3,29.4,0,0,0,,0,0,22.4,15,267.4,1010.8,55.8,9.7,312.6,27.2,10,10,2024-03-25T06:54:17,2024-03-25T19:08:14,0.5,Partially cloudy,Partly cloudy throughout the day.,partly-cloudy-day,"MMGL,76613399999,76612099999,remote"
Tequila. MX,2024-03-26,88.6,44,65.7,85.1,44,65,23.4,27.5,0,0,0,,0,0,17.7,13,289.5,1011.1,0,10.8,338.1,29.2,10,10,2024-03-26T06:53:23,2024-03-26T19:08:32,0.55,Clear,Clear conditions throughout the day.,clear-day,"MMGL,76613399999,76612099999,remote"
Tequila. MX,2024-03-27,91.7,44.7,66.8,87.6,44.7,65.7,22.2,28.6,0,0,0,,0,0,7.8,9.2,320.7,1012.3,0,10,342.4,29.5,10,10,2024-03-27T06:52:28,2024-03-27T19:08:50,0.58,Clear,Clear conditions throughout the day.,clear-day,"MMGL,76612099999,remote"
Tequila. MX,2024-03-28,93.3,46.3,69.9,88.7,46.3,68.6,23,20.1,0,0,0,,0,0,8.9,9.2,255.6,1014.1,0.1,12.1,336.4,29.2,10,10,2024-03-28T06:51:34,2024-03-28T19:09:08,0.62,Clear,Clear conditions throughout the day.,clear-day,"MMGL,remote"
Tequila. MX,2024-03-29,94.7,51.7,71.3,89.9,51.7,69.8,30.8,29.9,0,0,0,,0,0,13.6,13,267.1,1015.4,14,14.2,333.3,28.7,10,10,2024-03-29T06:50:41,2024-03-29T19:09:26,0.65,Clear,Clear conditions throughout the day.,clear-day,"MMGL,remote"
Tequila. MX,2024-03-30,92.7,52.8,71.6,88.3,52.8,70.2,30.3,27.6,0,0,0,,0,0,13.2,12.3,281.3,1014.9,15.5,14.2,333.3,28.6,10,10,2024-03-30T06:49:47,2024-03-30T19:09:44,0.69,Clear,Clear conditions throughout the day.,clear-day,"MMGL,remote"
Tequila. MX,2024-03-31,93.1,51.7,72,88.5,51.7,70.7,34.8,31.3,0,0,0,,0,0,17.2,12.1,290.1,1015.1,53.4,13.5,325,28,10,10,2024-03-31T06:48:53,2024-03-31T19:10:02,0.72,Partially cloudy,Partly cloudy throughout the day.,partly-cloudy-day,"MMGL,remote"
Tequila. MX,2024-04-01,86.4,47.6,71.4,83.1,47.6,70.5,43,40.7,0,0,0,,0,0,27.7,19.7,249.2,1014.4,74.6,11.5,306.8,26.5,10,10,2024-04-01T06:48:00,2024-04-01T19:10:20,0.75,Partially cloudy,Partly cloudy throughout the day.,partly-cloudy-day,"MMGL,76613399999,76612099999,remote"
Tequila. MX,2024-04-02,87.7,56.9,71.5,84.1,56.9,70.6,44.6,46.3,0,0,0,,0,0,27.7,12.8,280.7,1012.5,56.5,12.9,318,27.4,10,10,2024-04-02T06:47:07,2024-04-02T19:10:38,0.79,Partially cloudy,Partly cloudy throughout the day.,partly-cloudy-day,"MMGL,76612099999,remote"
Tequila. MX,2024-04-03,90.1,47.9,68.3,86.1,47.9,67.2,27.1,31.2,0,0,0,,0,0,32.2,17.3,247.5,1009,47.6,8.2,332.9,28.7,10,10,2024-04-03T06:46:14,2024-04-03T19:10:56,0.83,Partially cloudy,Partly cloudy throughout the day.,partly-cloudy-day,"MMGL,76613399999,76612099999,remote"
Tequila. MX,2024-04-04,89.3,47.9,66,85.8,47.9,65.3,25.5,27.5,0,0,0,,0,0,16.6,19.7,251.3,1012.4,52.1,10.4,331.4,28.6,10,10,2024-04-04T06:45:21,2024-04-04T19:11:14,0.86,Partially cloudy,Becoming cloudy in the afternoon.,partly-cloudy-day,"MMGL,76613399999,76612099999,remote"
Tequila. MX,2024-04-05,91.7,47.6,67.6,87.5,47.6,66.6,33.9,33.2,0,0,0,,0,0,13.9,6.3,247.5,1013.9,37.7,9,307.9,26.5,10,10,2024-04-05T06:44:29,2024-04-05T19:11:32,0.9,Partially cloudy,Partly cloudy throughout the day.,partly-cloudy-day,"MMGL,76613399999,76612099999,remote"
Tequila. MX,2024-04-06,92,54.2,71.2,87.8,54.2,69.9,40,38.1,0,0,0,,0,0,28.9,13.9,244.9,1014.3,60.4,9.8,300.1,25.8,9,10,2024-04-06T06:43:37,2024-04-06T19:11:51,0.93,Partially cloudy,Partly cloudy throughout the day.,partly-cloudy-day,"MMGL,76613399999,76612099999,remote"
Tequila. MX,2024-04-07,94.6,53.7,73.5,89.8,53.7,72.2,37.4,35.9,0,0,0,,0,0,16.1,11.4,275.9,1012,38.1,9,327.2,28.3,10,10,2024-04-07T06:42:45,2024-04-07T19:12:09,0.96,Partially cloudy,Clearing in the afternoon.,partly-cloudy-day,"MMGL,76613399999,76612099999,remote"
Tequila. MX,2024-04-08,94.2,52.1,72.2,89.5,52.1,70.9,32.4,30.8,0,0,0,,0,0,14.5,13.2,258.9,1010.4,18,8.1,340.3,29.5,10,10,2024-04-08T06:41:53,2024-04-08T19:12:28,0,Clear,Clear conditions throughout the day.,clear-day,"MMGL,76613399999,76612099999,remote"
Tequila. MX,2024-04-09,92.2,51.8,71.5,87.8,51.8,70.4,36.7,33.5,0,0,0,,0,0,25.3,28.9,253,1010,23.5,8.8,337.4,29.3,10,10,2024-04-09T06:41:02,2024-04-09T19:12:46,0.03,Partially cloudy,Partly cloudy throughout the day.,partly-cloudy-day,"MMGL,76613399999,76612099999,remote"
Tequila. MX,2024-04-10,88.8,52.4,71.1,84.9,52.4,70.2,39.9,38.7,0,0,0,,0,0,15.9,11.6,285.4,1009.5,14,8.6,341.3,29.6,10,10,2024-04-10T06:40:12,2024-04-10T19:13:05,0.07,Clear,Clear conditions throughout the day.,clear-day,"76613399999,76612099999,remote"
Tequila. MX,2024-04-11,95.1,51.9,69.6,90.3,51.9,68.6,38.1,38.3,0,0,0,,0,0,12.1,11.4,228.8,1013.5,18.1,9.4,322.3,28,10,10,2024-04-11T06:39:22,2024-04-11T19:13:24,0.1,Clear,Clear conditions throughout the day.,clear-day,"MMGL,76613399999,76612099999,remote"
Tequila. MX,2024-04-12,88.9,56.4,72.5,85.3,56.4,71.5,45.6,41.6,0,0,0,,0,0,11.2,8,213.5,1013.3,55,8.8,296.2,25.5,10,10,2024-04-12T06:38:32,2024-04-12T19:13:43,0.13,Partially cloudy,Partly cloudy throughout the day.,partly-cloudy-day,"MMGL,76613399999,76612099999,remote"
Tequila. MX,2024-04-13,94.9,60.2,75,90.8,60.2,73.9,47.5,43,0,0,0,,0,0,13,11.4,263.4,1015.2,74.6,10,285.1,24.6,10,10,2024-04-13T06:37:43,2024-04-13T19:14:02,0.16,Partially cloudy,Partly cloudy throughout the day.,partly-cloudy-day,"MMGL,76613399999,76612099999,remote"
Tequila. MX,2024-04-14,99.2,60.9,78.7,94.5,60.9,77.1,45.4,36.4,0,0,0,,0,0,13,8.1,301.9,1011.8,63.7,8.4,297,25.5,10,10,2024-04-14T06:36:54,2024-04-14T19:14:22,0.2,Partially cloudy,Partly cloudy throughout the day.,partly-cloudy-day,"MMGL,76613399999,76612099999,remote"
Tequila. MX,2024-04-15,95.1,59.6,76.9,90.6,59.6,75.4,43.5,36.3,0,0,0,,0,0,11.6,9.2,282.1,1009.3,63.2,8,257.3,22.3,10,10,2024-04-15T06:36:06,2024-04-15T19:14:42,0.25,Partially cloudy,Partly cloudy throughout the day.,partly-cloudy-day,"MMGL,76613399999,76612099999,remote"
Tequila. MX,2024-04-16,94.4,57.5,77.1,89.9,57.5,75.5,41.9,32.5,0,0,0,,0,0,27.7,8.9,264.7,1008.8,46.5,8.4,334.3,29,10,10,2024-04-16T06:35:18,2024-04-16T19:15:01,0.26,Partially cloudy,Partly cloudy throughout the day.,partly-cloudy-day,"MMGL,76613399999,76612099999,remote"
Tequila. MX,2024-04-17,95.1,58.2,76.4,90.5,58.2,74.9,41.3,32.8,0,0,0,,0,0,16.8,6.5,258,1010.9,34,9.3,337.7,29.3,10,10,2024-04-17T06:34:31,2024-04-17T19:15:21,0.3,Partially cloudy,Partly cloudy throughout the day.,partly-cloudy-day,"76613399999,76612099999,remote"
Tequila. MX,2024-04-18,95.2,56,75.8,90.3,56,74,34.8,26.8,0,0,0,,0,0,20.1,10.2,274.4,1011.4,12.9,9.7,344.7,29.8,10,10,2024-04-18T06:33:44,2024-04-18T19:15:42,0.33,Clear,Clear conditions throughout the day.,clear-day,"MMGL,76613399999,76612099999,remote"
Tequila. MX,2024-04-19,94.4,56.6,75,89.7,56.6,73.3,35.2,27.7,0,0,0,,0,0,19.2,9.2,235.1,1011.2,6.1,9.7,347.8,30.1,10,10,2024-04-19T06:32:58,2024-04-19T19:16:02,0.36,Clear,Clear conditions throughout the day.,clear-day,"MMGL,76613399999,76612099999,remote"
Tequila. MX,2024-04-20,93.5,58,75.9,88.9,58,74.3,34.8,26.7,0,0,0,,0,0,23,7.6,279.1,1012.1,4.4,9,346.2,29.9,10,10,2024-04-20T06:32:13,2024-04-20T19:16:23,0.39,Clear,Clear conditions throughout the day.,clear-day,"MMGL,76613399999,76612099999,remote"
Tequila. MX,2024-04-21,96.5,54.4,75.7,91.5,54.4,74,31.4,23.7,0,0,0,,0,0,24.2,8.9,281.3,1012.6,8.3,8.5,350.9,30.4,10,10,2024-04-21T06:31:28,2024-04-21T19:16:44,0.43,Clear,Clear conditions throughout the day.,clear-day,"MMGL,76613399999,76612099999,remote"
Tequila. MX,2024-04-22,92.6,54.6,74,88.2,54.6,72.5,33.5,25,0,0,0,,0,0,15,9.2,240.4,1011.6,9.4,9,350.8,30.3,10,10,2024-04-22T06:30:44,2024-04-22T19:17:05,0.46,Clear,Clear conditions throughout the day.,clear-day,"MMGL,76613399999,76612099999,remote"
Tequila. MX,2024-04-23,94.9,56.6,74.8,90.1,56.6,73.3,35,26.6,0,0,0,,0,0,19,10.3,278.1,1012.7,10.5,9.6,346.2,30,10,10,2024-04-23T06:30:01,2024-04-23T19:17:26,0.5,Clear,Clear conditions throughout the day.,clear-day,"MMGL,76613399999,76612099999,remote"
Tequila. MX,2024-04-24,96.7,57.8,75.7,91.6,57.8,74.2,36.2,29,0,0,0,,0,0,20.4,12.8,286.1,1014.4,12.7,10.4,347.3,30.2,10,10,2024-04-24T06:29:18,2024-04-24T19:17:48,0.53,Clear,Clear conditions throughout the day.,clear-day,"MMGL,76613399999,76612099999,remote"
Tequila. MX,2024-04-25,94.2,56.8,75.2,89.5,56.8,73.8,30.8,22.2,0,0,0,,0,0,13.4,9.5,303.6,1013.1,31,9.2,344.3,29.9,10,10,2024-04-25T06:28:36,2024-04-25T19:18:09,0.56,Partially cloudy,Partly cloudy throughout the day.,partly-cloudy-day,"MMGL,76613399999,76612099999,remote"
Tequila. MX,2024-04-26,88.6,57.8,72.9,84.8,57.8,72,33.2,26.5,0,0,0,,0,0,25.3,12.3,279.8,1011.8,52.7,10,314.9,27.1,10,10,2024-04-26T06:27:55,2024-04-26T19:18:31,0.6,Partially cloudy,Partly cloudy throughout the day.,partly-cloudy-day,"MMGL,76613399999,76612099999,remote"
Tequila. MX,2024-04-27,91.7,51.8,71,87.4,51.8,69.9,30.5,28.3,0,0,0,,0,0,17.4,12.3,267.5,1011.5,38.9,9.9,345.6,29.9,10,10,2024-04-27T06:27:15,2024-04-27T19:18:53,0.63,Partially cloudy,Partly cloudy throughout the day.,partly-cloudy-day,"MMGL,76613399999,76612099999,remote"
Tequila. MX,2024-04-28,92.4,48.3,71.6,88.2,48.3,70.3,23.2,20.6,0,0,0,,0,0,12.3,16.1,290.2,1010.5,39,9.3,360.6,31.2,10,10,2024-04-28T06:26:35,2024-04-28T19:19:16,0.67,Partially cloudy,Partly cloudy throughout the day.,partly-cloudy-day,"MMGL,76613399999,76612099999,remote"
Tequila. MX,2024-04-29,92.4,52,72.5,88,52,71.1,34.7,32.1,0,0,0,,0,0,13.2,6.9,275.7,1008.1,21.3,7.8,349.3,30.2,10,10,2024-04-29T06:25:57,2024-04-29T19:19:39,0.7,Partially cloudy,Partly cloudy throughout the day.,partly-cloudy-day,"MMGL,76613399999,76612099999,remote"
Tequila. MX,2024-04-30,93.5,54.5,72.3,88.9,54.5,71,33.4,30.2,0,0,0,,0,0,13.2,11.4,287.8,1010.5,53.4,11.6,330.6,28.7,10,10,2024-04-30T06:25:19,2024-04-30T19:20:01,0.74,Partially cloudy,Becoming cloudy in the afternoon.,partly-cloudy-day,"MMGL,76613399999,76612099999,remote"
Tequila. MX,2024-05-01,94.9,60.9,77,90.1,60.9,75.4,29.5,19.7,0,0,0,,0,0,13.6,16.1,290.4,1010,82.5,13.2,332.3,28.8,10,10,2024-05-01T06:24:42,2024-05-01T19:20:24,0.75,Partially cloudy,Partly cloudy throughout the day.,partly-cloudy-day,"MMGL,76613399999,76612099999,remote"
Tequila. MX,2024-05-02,94.7,55.6,74.2,89.9,55.6,72.9,34.6,27.1,0,0,0,,0,0,14.1,11,276,1010.8,48.1,9,339.5,29.3,10,10,2024-05-02T06:24:06,2024-05-02T19:20:48,0.81,Partially cloudy,Partly cloudy throughout the day.,partly-cloudy-day,"76613399999,76612099999,remote"
Tequila. MX,2024-05-03,96.3,56.8,75.9,91.4,56.8,74.4,41.7,36,0,0,0,,0,0,16.1,18.3,261.3,1008.3,15.2,8.6,349.4,30.2,10,10,2024-05-03T06:23:30,2024-05-03T19:21:11,0.84,Clear,Clear conditions throughout the day.,clear-day,"MMGL,76613399999,76612099999,remote"
Tequila. MX,2024-05-04,98.9,56,77.5,93.6,56,75.7,38.7,29.5,0,0,0,,0,0,14.1,13.2,262.7,1010.2,30.1,10.3,348.4,30.1,10,10,2024-05-04T06:22:56,2024-05-04T19:21:35,0.88,Partially cloudy,Clearing in the afternoon.,partly-cloudy-day,"MMGL,76613399999,76612099999,remote"
Tequila. MX,2024-05-05,99.9,56.7,79.4,94.3,56.7,77.3,38.4,29.2,0,0,0,,0,0,161.1,11.2,276.8,1005.8,51.1,7.8,318.5,27.6,10,10,2024-05-05T06:22:22,2024-05-05T19:21:59,0.92,Partially cloudy,Partly cloudy throughout the day.,partly-cloudy-day,"MMGL,76613399999,76612099999,remote"
Tequila. MX,2024-05-06,96.3,62.1,78.1,91.3,62.1,76.6,38.2,28.4,0,0,0,,0,0,12.1,13.9,263.8,1009.6,75,8.8,263,22.9,9,10,2024-05-06T06:21:50,2024-05-06T19:22:23,0.95,Partially cloudy,Partly cloudy throughout the day.,partly-cloudy-day,"MMGL,76613399999,76612099999,remote"
Tequila. MX,2024-05-07,96.5,58.7,78.1,91.4,58.7,76.2,37.6,29.1,0,0,0,,0,0,11.4,9.8,303.8,1008.1,76.6,9.5,280.5,24.5,10,10,2024-05-07T06:21:18,2024-05-07T19:22:47,0,Partially cloudy,Partly cloudy throughout the day.,partly-cloudy-day,"76613399999,76612099999,remote"
Tequila. MX,2024-05-08,99.6,58.4,79.9,94.2,58.4,77.7,37.7,28.4,0,0,0,,0,0,14.3,10.3,269.5,1007.3,43,8.4,337.5,29.2,10,10,2024-05-08T06:20:48,2024-05-08T19:23:12,0.02,Partially cloudy,Partly cloudy throughout the day.,partly-cloudy-day,"MMGL,76613399999,76612099999,remote"
Tequila. MX,2024-05-09,100.1,60.9,80.8,95.1,60.9,78.8,39.7,26.3,0,0,0,,0,0,18.8,18.3,287.7,1008.8,17.9,8.4,352.3,30.5,10,10,2024-05-09T06:20:18,2024-05-09T19:23:36,0.05,Clear,Clear conditions throughout the day.,clear-day,"MMGL,76613399999,76612099999,remote"
Tequila. MX,2024-05-10,102.6,62,83.3,97.3,62,81,37.7,23.1,0,0,0,,0,0,14.8,13.2,280.7,1005.3,30.1,8,350,30.3,10,10,2024-05-10T06:19:49,2024-05-10T19:24:01,0.08,Partially cloudy,Becoming cloudy in the afternoon.,partly-cloudy-day,"76613399999,76612099999,remote"
Tequila. MX,2024-05-11,102.3,61.1,79.7,96.4,61.1,78,41.4,30.6,0,0,0,,0,0,16.8,12.1,268.7,1008.5,19.4,10,351.9,30.4,10,10,2024-05-11T06:19:21,2024-05-11T19:24:26,0.12,Clear,Clear conditions throughout the day.,clear-day,"76613399999,76612099999,remote"
Tequila. MX,2024-05-12,97.4,60.7,77.8,92.3,60.7,76.3,46,40.7,0,0,0,,0,0,15.9,12.8,287.4,1008.6,6.4,8.5,352.5,30.6,10,10,2024-05-12T06:18:55,2024-05-12T19:24:51,0.15,Clear,Clear conditions throughout the day.,clear-day,"MMGL,76613399999,76612099999,remote"
Tequila. MX,2024-05-13,93.6,60,75.8,89,60,74.5,41.5,32.3,0,0,0,,0,0,14.8,8.5,279.5,1008.3,2.8,8.7,353.3,30.5,10,10,2024-05-13T06:18:29,2024-05-13T19:25:16,0.18,Clear,Clear conditions throughout the day.,clear-day,"MMGL,76613399999,76612099999,remote"
Tequila. MX,2024-05-14,96.9,59.1,77.3,91.7,59.1,75.7,39.6,31.7,0,0,0,,0,0,12.3,18.3,287.8,1006.3,1.1,8.9,355.6,30.9,10,10,2024-05-14T06:18:04,2024-05-14T19:25:41,0.21,Clear,Clear conditions throughout the day.,clear-day,"MMGL,76613399999,76612099999,remote"
Tequila. MX,2024-05-15,94.6,57.7,76.7,89.8,57.7,75.2,39.3,31.6,0,0,0,,0,0,17.2,17.2,281,1007.9,0,7.8,359.9,31.1,10,10,2024-05-15T06:17:41,2024-05-15T19:26:07,0.25,Clear,Clear conditions throughout the day.,clear-day,"MMGL,76613399999,76612099999,remote"
Tequila. MX,2024-05-16,97.2,59.1,75.8,92.2,59.1,74.5,42,35.3,0,0,0,,0,0,12.8,11.4,271,1009.5,3.7,10.6,353,30.5,10,10,2024-05-16T06:17:18,2024-05-16T19:26:32,0.28,Clear,Clear conditions throughout the day.,clear-day,"MMGL,76613399999,76612099999,remote"
Tequila. MX,2024-05-17,96.2,57.3,77.8,91.3,57.3,76,39.9,29.6,0,0,0,,0,0,13.9,8,264.4,1006.5,3.3,8.2,358,30.9,10,10,2024-05-17T06:16:57,2024-05-17T19:26:57,0.31,Clear,Clear conditions throughout the day.,clear-day,"MMGL,76613399999,76612099999,remote"
Tequila. MX,2024-05-18,96,60,76.5,91.1,60,75,43.7,36.6,0,0,0,,0,0,13.6,7.6,282.8,1010.5,0,10.5,356.8,30.8,10,10,2024-05-18T06:16:36,2024-05-18T19:27:23,0.34,Clear,Clear conditions throughout the day.,clear-day,"MMGL,76613399999,76612099999,remote"
Tequila. MX,2024-05-19,101.9,60.9,81.9,96.3,60.9,79.8,43.6,32.7,0,0,0,,0,0,19.7,8.9,294.2,1008.4,8.7,8.9,356.4,30.8,10,10,2024-05-19T06:16:17,2024-05-19T19:27:48,0.38,Clear,Clear conditions throughout the day.,clear-day,"MMGL,76613399999,76612099999,remote"
Tequila. MX,2024-05-20,99.4,60.9,79.8,94.1,60.9,78.1,45.1,35.6,0,0,0,,0,0,14.8,10.3,257.4,1005.9,3.4,7.8,359.2,31,10,10,2024-05-20T06:15:59,2024-05-20T19:28:14,0.41,Clear,Clear conditions throughout the day.,clear-day,"76613399999,76612099999,remote"
Tequila. MX,2024-05-21,98.3,60.5,79.9,92.9,60.5,78.3,45.6,35.9,0,0,0,,0,0,16.6,11.4,267.3,1007.2,42.4,8.1,349.1,30.1,10,10,2024-05-21T06:15:41,2024-05-21T19:28:39,0.44,Partially cloudy,Partly cloudy throughout the day.,partly-cloudy-day,"76613399999,76612099999,remote"
Tequila. MX,2024-05-22,95.1,63.8,78.2,90.7,63.8,76.7,45.9,35.9,0,0,0,,0,0,15.2,8,262.6,1009.3,40.2,7.7,350.7,30.2,10,10,2024-05-22T06:15:25,2024-05-22T19:29:05,0.47,Partially cloudy,Partly cloudy throughout the day.,partly-cloudy-day,"MMGL,76613399999,76612099999,remote"
Tequila. MX,2024-05-23,99.8,59.1,77.4,96,59.1,76,47.4,39.8,0,0,0,,0,0,15,9.2,258.8,1010.8,6.1,9.5,354.4,30.4,10,10,2024-05-23T06:15:10,2024-05-23T19:29:30,0.5,Clear,Clear conditions throughout the day.,clear-day,"MMGL,76613399999,76612099999,remote"
Tequila. MX,2024-05-24,101.4,61.1,79.7,96.1,61.1,77.8,46.7,39.2,0,0,0,,0,0,16.6,16.1,277.7,1011,19.6,9.8,351.9,30.3,10,10,2024-05-24T06:14:56,2024-05-24T19:29:55,0.54,Clear,Clear conditions throughout the day.,clear-day,"MMGL,76613399999,76612099999,remote"
Tequila. MX,2024-05-25,101.4,61.2,82.1,96.1,61.2,80,42.5,29.9,0,0,0,,0,0,17.2,12.8,286.6,1011.3,6.7,11.9,352.8,30.3,10,10,2024-05-25T06:14:43,2024-05-25T19:30:20,0.58,Clear,Clear conditions throughout the day.,clear-day,"MMGL,76613399999,76612099999,remote"
Tequila. MX,2024-05-26,100.5,62.1,81.6,94.9,62.1,79.6,43.8,32.4,0,0,0,,0,0,14.8,13.9,274.3,1009.6,4.4,8.5,353.5,30.3,10,10,2024-05-26T06:14:32,2024-05-26T19:30:45,0.61,Clear,Clear conditions throughout the day.,clear-day,"MMGL,76613399999,76612099999,remote"
Tequila. MX,2024-05-27,101.7,63.8,81,97.7,63.8,79.3,48.1,36.5,0,0,0,,0,0,15,9.2,274.8,1008.4,12.3,8.2,351.2,30.2,10,10,2024-05-27T06:14:21,2024-05-27T19:31:10,0.65,Clear,Clear conditions throughout the day.,clear-day,"MMGL,76613399999,76612099999,remote"
Tequila. MX,2024-05-28,98.1,65.6,80.8,94.3,65.6,79.4,53.1,44.6,0.827,100,8.33,rain,0,0,15.4,12.8,265.3,1011.5,29.7,8.3,346,29.9,10,10,2024-05-28T06:14:11,2024-05-28T19:31:35,0.69,"Rain, Partially cloudy",Partly cloudy throughout the day with late afternoon rain.,rain,"76613399999,76612099999,remote"
Tequila. MX,2024-05-29,101,62,77,96.8,62,75.8,55.4,56.6,0,0,0,,0,0,14.3,19.7,272.7,1013.9,17.1,7.8,343.3,29.8,10,10,2024-05-29T06:14:03,2024-05-29T19:31:59,0.72,Clear,Clear conditions throughout the day.,clear-day,"MMGL,76613399999,76612099999,remote"
Tequila. MX,2024-05-30,101,65.6,80.3,95.8,65.6,78.6,48.5,40,0.055,100,4.17,rain,0,0,15.2,18.3,285.4,1012.8,26,10.8,349.6,30.2,10,10,2024-05-30T06:13:55,2024-05-30T19:32:24,0.75,"Rain, Partially cloudy",Partly cloudy throughout the day with morning rain.,rain,"MMGL,76613399999,76612099999,remote"
Tequila. MX,2024-05-31,101.6,63.2,80.3,96.2,63.2,78.6,47.7,37.6,0,0,0,,0,0,14.8,9.2,286.5,1009.4,34.7,10.2,348.5,30.2,10,10,2024-05-31T06:13:49,2024-05-31T19:32:48,0.79,Partially cloudy,Partly cloudy throughout the day.,partly-cloudy-day,"76613399999,76612099999,remote"
Tequila. MX,2024-06-01,102.6,63.2,81.9,96.9,63.2,80.1,44.5,32.8,0,0,0,,0,0,15.9,8.1,272.8,1008,34.5,10.8,348,30,10,10,2024-06-01T06:13:43,2024-06-01T19:33:11,0.83,Partially cloudy,Partly cloudy throughout the day.,partly-cloudy-day,"MMGL,76613399999,76612099999,remote"
Tequila. MX,2024-06-02,101.2,63.4,82.6,95.4,63.4,80.5,43,31.3,0,0,0,,0,0,17.9,11.9,298.8,1007.9,36.3,9.8,343.5,29.7,10,10,2024-06-02T06:13:39,2024-06-02T19:33:35,0.86,Partially cloudy,Partly cloudy throughout the day.,partly-cloudy-day,"76613399999,76612099999,remote"
Tequila. MX,2024-06-03,100.8,65,81.7,95.1,65,79.9,45.6,33.3,0,0,0,,0,0,15.7,16.1,277.5,1008.9,9.6,7.8,356.3,30.8,10,10,2024-06-03T06:13:36,2024-06-03T19:33:58,0.9,Clear,Clear conditions throughout the day.,clear-day,"76613399999,76612099999,remote"
Tequila. MX,2024-06-04,99.4,59.6,80,93.8,59.6,78,41.4,31.3,0,0,0,,0,0,16.8,10.1,267.8,1007.3,2.5,8.8,358.6,31,10,10,2024-06-04T06:13:34,2024-06-04T19:34:20,0.94,Clear,Clear conditions throughout the day.,clear-day,"MMGL,76613399999,76612099999,remote"
Tequila. MX,2024-06-05,98.6,62.3,80.8,93.3,62.3,78.7,40.5,29.7,0,0,0,,0,0,15.9,13.9,263.1,1006.7,2.3,7.2,366,31.5,10,10,2024-06-05T06:13:33,2024-06-05T19:34:43,0.97,Clear,Clear conditions throughout the day.,clear-day,"MMGL,76613399999,76612099999"
Tequila. MX,2024-06-06,103.2,61.2,79.6,97.5,61.2,77.8,46.6,38.6,0,0,0,,0,0,14.8,9.2,253,1009.1,16.5,10,354.7,30.7,10,10,2024-06-06T06:13:32,2024-06-06T19:35:05,0,Clear,Clear conditions throughout the day.,clear-day,"76613399999,76612099999,remote"
Tequila. MX,2024-06-07,101.6,64.7,78.4,96.8,64.7,77.5,54.5,48.6,0,0,0,,0,0,21.9,8.5,269.8,1009.5,70,9.4,277.3,23.8,10,10,2024-06-07T06:13:33,2024-06-07T19:35:26,0.04,Partially cloudy,Partly cloudy throughout the day.,partly-cloudy-day,"MMGL,76613399999,76612099999,remote"
Tequila. MX,2024-06-08,96.9,64.5,79.5,92.7,64.5,78.3,52.6,44,0,0,0,,0,0,12.1,8.1,314.2,1010.9,43.3,10.7,321.8,27.6,10,10,2024-06-08T06:13:35,2024-06-08T19:35:47,0.07,Partially cloudy,Partly cloudy throughout the day.,partly-cloudy-day,"MMGL,76613399999,76612099999,remote"
Tequila. MX,2024-06-09,96.5,65,79.2,91.8,65,77.8,52.7,47.6,0,0,0,,0,0,16.8,9.6,282.3,1008.8,20.6,9.4,348.5,30,10,10,2024-06-09T06:13:38,2024-06-09T19:36:08,0.1,Partially cloudy,Partly cloudy throughout the day.,partly-cloudy-day,"MMGL,76613399999,76612099999,remote"
Tequila. MX,2024-06-10,101.4,66.5,81.5,96.5,66.5,79.7,48.3,36.9,0,0,0,,0,0,12.8,13.9,104.9,1006.3,36.6,7.7,342.9,29.7,10,15,2024-06-10T06:13:42,2024-06-10T19:36:28,0.14,Partially cloudy,Partly cloudy throughout the day.,partly-cloudy-day,"MMGL,76613399999,76612099999,remote"
Tequila. MX,2024-06-11,98.9,71.7,83.5,95.3,71.7,82.2,55.1,41.4,0,0,0,,0,0,23,6.3,48.3,1004.1,68.4,8.8,241.6,20.9,10,60,2024-06-11T06:13:46,2024-06-11T19:36:47,0.17,Partially cloudy,Partly cloudy throughout the day.,partly-cloudy-day,"MMGL,76612099999,remote"
Tequila. MX,2024-06-12,103,68.1,83.3,97.4,68.1,81.8,49.9,36.2,0,0,0,,0,0,15.2,11.4,3.5,1005.8,40.6,8.8,347.1,29.8,10,15,2024-06-12T06:13:52,2024-06-12T19:37:06,0.2,Partially cloudy,Partly cloudy throughout the day.,partly-cloudy-day,"MMGL,76613399999,76612099999,remote"
Tequila. MX,2024-06-13,96.3,68.1,79.2,94.4,68.1,78.7,60.3,58.3,0,0,0,,0,0,13.4,11.4,278.2,1009.7,71.8,10.6,264.8,22.8,10,30,2024-06-13T06:13:59,2024-06-13T19:37:24,0.25,Partially cloudy,Partly cloudy throughout the day.,partly-cloudy-day,"MMGL,76613399999,76612099999,remote"
Tequila. MX,2024-06-14,95.3,68.3,78,92.7,68.3,77.6,60.8,60,0,0,0,,0,0,8.7,9.2,300.5,1010,57.3,9.9,266.2,23,10,30,2024-06-14T06:14:06,2024-06-14T19:37:42,0.26,Partially cloudy,Partly cloudy throughout the day.,partly-cloudy-day,"MMGL,76613399999,76612099999,remote"
Tequila. MX,2024-06-15,97.1,67.7,79.9,95.7,67.7,79.4,61.3,59,0,0,0,,0,0,12.1,7.8,293.6,1007.8,45.7,11.4,291.8,25.2,10,30,2024-06-15T06:14:14,2024-06-15T19:37:59,0.3,Partially cloudy,Partly cloudy throughout the day.,partly-cloudy-day,"MMGL,76612099999,remote"
Tequila. MX,2024-06-16,99.8,66.1,81.5,96.5,66.1,80.4,58.1,52.6,0,0,0,,0,0,13,9.3,298,1003.1,31.6,8,306.3,26.6,10,30,2024-06-16T06:14:24,2024-06-16T19:38:15,0.33,Partially cloudy,Partly cloudy throughout the day.,partly-cloudy-day,"MMGL,76613399999,76612099999,remote"
Tequila. MX,2024-06-17,96.9,70.1,80.6,94.7,70.1,79.8,59,53.3,0.004,100,4.17,rain,0,0,11.2,13.9,275.8,1002.5,49.7,7.4,307,26.6,10,15,2024-06-17T06:14:34,2024-06-17T19:38:31,0.36,"Rain, Partially cloudy",Partly cloudy throughout the day with late afternoon rain.,rain,"MMGL,76613399999,76612099999,remote"
Tequila. MX,2024-06-18,95.3,69,78.3,94.2,69,78.2,61.9,60.8,0,0,0,,0,0,21.9,9.2,287.5,1003.6,47.8,9,301.8,26,10,60,2024-06-18T06:14:44,2024-06-18T19:38:45,0.39,Partially cloudy,Partly cloudy throughout the day.,partly-cloudy-day,"MMGL,76613399999,76612099999,remote"
Tequila. MX,2024-06-19,96.7,66.9,78.5,97.8,66.9,78.1,59.1,57,0,0,0,,0,0,16.8,13.6,301.2,1001.7,52.9,8.7,343.2,29.7,10,30,2024-06-19T06:14:56,2024-06-19T19:39:00,0.43,Partially cloudy,Partly cloudy throughout the day.,partly-cloudy-day,"MMGL,76613399999,76612099999,remote"
Tequila. MX,2024-06-20,75.5,65.9,69.5,75.5,65.9,69.5,58.7,70.5,0.205,100,12.5,rain,0,0,7.6,6.9,321.4,1004.9,97.4,8.3,25.5,2.2,1,10,2024-06-20T06:15:09,2024-06-20T19:39:13,0.46,"Rain, Overcast",Cloudy skies throughout the day with rain.,rain,"MMGL,76613399999,76612099999,remote"
Tequila. MX,2024-06-21,90.1,64.3,72.7,88.8,64.3,72.6,61.6,71.6,0.859,100,8.33,rain,0,0,13.9,17.2,66,1008.5,87.9,8.2,186.5,15.9,8,10,2024-06-21T06:15:22,2024-06-21T19:39:25,0.5,"Rain, Partially cloudy",Partly cloudy throughout the day with rain.,rain,"MMGL,76613399999,76612099999,remote"
Tequila. MX,2024-06-22,86.4,61.8,72.6,84.6,61.8,72.5,57.4,61.2,0.118,100,4.17,rain,0,0,9.6,5.8,66.7,1011,66.8,10.7,249.8,21.6,10,10,2024-06-22T06:15:36,2024-06-22T19:39:37,0.53,"Rain, Partially cloudy",Partly cloudy throughout the day with late afternoon rain.,rain,"MMGL,76613399999,76612099999,remote"
Tequila. MX,2024-06-23,87.2,64.8,73,86.7,64.8,73,61.5,70.4,0.024,100,4.17,rain,0,0,26.4,16.7,306.6,1010.5,82.8,8.3,235.2,20.3,10,30,2024-06-23T06:15:50,2024-06-23T19:39:48,0.56,"Rain, Partially cloudy",Partly cloudy throughout the day with early morning rain.,rain,"MMGL,76613399999,76612099999,remote"
Tequila. MX,2024-06-24,82.8,64.7,70.5,84.2,64.7,70.6,63.4,79.8,0.336,100,25,rain,0,0,7.8,6.6,287.2,1011.4,94.1,6.3,204.4,17.5,8,30,2024-06-24T06:16:05,2024-06-24T19:39:58,0.6,"Rain, Overcast",Cloudy skies throughout the day with rain.,rain,"MMGL,76613399999,76612099999,remote"
Tequila. MX,2024-06-25,73.3,64.5,68.3,73.3,64.5,68.3,63.9,86.4,0.316,100,20.83,rain,0,0,4.7,4.7,157.9,1013.4,89.7,7.5,162.6,14.2,8,10,2024-06-25T06:16:21,2024-06-25T19:40:07,0.63,"Rain, Partially cloudy",Partly cloudy throughout the day with rain in the morning and afternoon.,rain,"MMGL,76613399999,76612099999,remote"
Tequila. MX,2024-06-26,84.3,63.2,71.6,84,63.2,71.6,61.5,73.9,0,0,0,,0,0,9.2,4,251.6,1013,59.9,9.2,279.3,24.3,10,30,2024-06-26T06:16:38,2024-06-26T19:40:15,0.67,Partially cloudy,Partly cloudy throughout the day.,partly-cloudy-day,"76613399999,76612099999,remote"
Tequila. MX,2024-06-27,87.9,64.5,74.6,86.4,64.5,74.5,61.1,66.5,0,0,0,,0,0,10.3,10.3,284.3,1010.3,64.5,8.2,278,24,10,30,2024-06-27T06:16:55,2024-06-27T19:40:22,0.71,Partially cloudy,Partly cloudy throughout the day.,partly-cloudy-day,"MMGL,76613399999,76612099999,remote"
Tequila. MX,2024-06-28,87.7,65.4,72.2,87.6,65.4,72.3,63.2,76.3,2.141,100,16.67,rain,0,0,10.7,11.4,278.6,1010.3,83.2,9.2,271.4,23.5,9,60,2024-06-28T06:17:12,2024-06-28T19:40:28,0.75,"Rain, Partially cloudy",Partly cloudy throughout the day with rain.,rain,"MMGL,76613399999,76612099999,remote"
Tequila. MX,2024-06-29,86.6,64.3,72.1,86.4,64.3,72.2,63.4,76.3,0.236,100,8.33,rain,0,0,5.8,4.5,85.3,1011.1,89.5,10.7,292.4,25.1,10,30,2024-06-29T06:17:31,2024-06-29T19:40:34,0.78,"Rain, Partially cloudy",Partly cloudy throughout the day with rain.,rain,"MMGL,76612099999,remote"
Tequila. MX,2024-06-30,88.1,63.6,74.9,87.8,63.6,74.8,59.7,64.1,0.701,100,8.33,rain,0,0,7.6,11.4,57.5,1011.5,77,7.7,302.3,26,10,30,2024-06-30T06:17:49,2024-06-30T19:40:38,0.81,"Rain, Partially cloudy",Partly cloudy throughout the day with rain.,rain,"MMGL,76613399999,76612099999,remote"
Tequila. MX,2024-07-01,85.2,68.1,72.7,84.5,68.1,72.7,61,68.3,0.118,100,4.17,rain,0,0,17.2,11.4,59.6,1009,85.9,8.1,167.5,14.6,10,10,2024-07-01T06:18:09,2024-07-01T19:40:41,0.85,"Rain, Partially cloudy",Partly cloudy throughout the day with afternoon rain.,rain,"MMGL,76613399999,76612099999,remote"
Tequila. MX,2024-07-02,86.3,62.9,72.2,85.9,62.9,72.3,62.4,74.1,2.618,100,29.17,rain,0,0,8.9,11.4,81.3,1010,82.6,8.4,191.1,16.7,7,10,2024-07-02T06:18:28,2024-07-02T19:40:44,0.88,"Rain, Partially cloudy",Partly cloudy throughout the day with rain.,rain,"MMGL,76613399999,76612099999,remote"
Tequila. MX,2024-07-03,81.8,62.9,69,82.8,62.9,69.2,61.7,79.8,0.048,100,8.33,rain,0,0,6.9,4.5,60.9,1012.2,77.6,7.8,168.4,14.6,8,10,2024-07-03T06:18:48,2024-07-03T19:40:45,0.92,"Rain, Partially cloudy",Partly cloudy throughout the day with early morning rain.,rain,"76613399999,76612099999,remote"
Tequila. MX,2024-07-04,85.4,61,71.5,85.9,61,71.6,61.2,72.9,0.039,100,4.17,rain,0,0,7.2,6.9,52.1,1013,55.9,8.9,303.4,26.4,10,30,2024-07-04T06:19:09,2024-07-04T19:40:45,0.96,"Rain, Partially cloudy",Partly cloudy throughout the day with morning rain.,rain,"MMGL,76613399999,76612099999,remote"
Tequila. MX,2024-07-05,86.6,65.7,74.2,87.1,65.7,74.1,61.9,69.8,0,0,0,,0,0,8.9,16.1,35.8,1011.8,72.2,9,300.9,26.1,10,30,2024-07-05T06:19:30,2024-07-05T19:40:44,0,Partially cloudy,Partly cloudy throughout the day.,partly-cloudy-day,"MMGL,76613399999,76612099999,remote"
Tequila. MX,2024-07-06,91.8,63.8,74.8,89.6,63.8,74.8,62.6,70.1,0.032,100,8.33,rain,0,0,8.7,19.7,280.9,1012.7,52.6,11.3,326.3,28.3,10,30,2024-07-06T06:19:51,2024-07-06T19:40:42,0.03,"Rain, Partially cloudy",Partly cloudy throughout the day with rain.,rain,"76613399999,76612099999,remote"
Tequila. MX,2024-07-07,88.2,66.3,73.1,88.4,66.3,73.4,62.9,72.6,0,0,0,,0,0,12.1,10.3,284,1011.3,67,8.5,271.2,23.5,10,30,2024-07-07T06:20:13,2024-07-07T19:40:39,0.06,Partially cloudy,Partly cloudy throughout the day.,partly-cloudy-day,"MMGL,76613399999,76612099999,remote"
Tequila. MX,2024-07-08,86.1,65.2,73.5,86.2,65.2,73.6,63,72.3,0.079,100,4.17,rain,0,0,13,5.3,359.8,1009.6,75.6,8.1,301.3,25.9,10,60,2024-07-08T06:20:34,2024-07-08T19:40:35,0.09,"Rain, Partially cloudy",Partly cloudy throughout the day with late afternoon rain.,rain,"MMGL,76613399999,76612099999,remote"
Tequila. MX,2024-07-09,90.4,63.2,73.5,89.4,63.2,73.4,62,72.1,0.236,100,4.17,rain,0,0,9.6,6.5,202.9,1011,82.6,12.3,308.8,26.7,10,60,2024-07-09T06:20:57,2024-07-09T19:40:30,0.12,"Rain, Partially cloudy",Partly cloudy throughout the day with morning rain.,rain,"76613399999,76612099999,remote"
Tequila. MX,2024-07-10,89.1,62.7,73.1,88,62.7,73.1,62.4,73.3,0.906,100,4.17,rain,0,0,11.4,8.1,221.1,1011.7,78.3,9,304,26.4,10,30,2024-07-10T06:21:19,2024-07-10T19:40:24,0.15,"Rain, Partially cloudy",Partly cloudy throughout the day with morning rain.,rain,"MMGL,76613399999,76612099999,remote"
Tequila. MX,2024-07-11,78.9,64.7,69.8,78.9,64.7,69.8,62.2,78.4,0.759,100,8.33,rain,0,0,7.2,5.8,113.2,1012.4,96.6,9,219.5,18.9,9,30,2024-07-11T06:21:42,2024-07-11T19:40:16,0.19,"Rain, Overcast",Cloudy skies throughout the day with rain.,rain,"MMGL,76613399999,76612099999,remote"
Tequila. MX,2024-07-12,79.2,64.1,69,79.2,64.1,69,62.3,80.6,0.551,100,4.17,rain,0,0,7.8,8.1,127.1,1014.9,96.7,8.7,206.8,17.8,8,30,2024-07-12T06:22:04,2024-07-12T19:40:08,0.22,"Rain, Overcast",Cloudy skies throughout the day with early morning rain.,rain,"MMGL,76613399999,76612099999,remote"
Tequila. MX,2024-07-13,83.2,61.2,70.4,83.2,61.2,70.4,61.9,76.9,0.012,100,8.33,rain,0,0,6.3,9.2,104,1016.5,74.7,9.9,222.9,19.4,9,30,2024-07-13T06:22:27,2024-07-13T19:39:58,0.25,"Rain, Partially cloudy",Partly cloudy throughout the day with rain.,rain,"MMGL,76613399999,76612099999,remote"
Tequila. MX,2024-07-14,79.8,64.3,70.5,79.8,64.3,70.5,62.2,76.8,0.13,100,8.33,rain,0,0,6.3,6.9,22.5,1017.6,94,10.4,208.6,18.1,9,30,2024-07-14T06:22:50,2024-07-14T19:39:48,0.28,"Rain, Overcast",Cloudy skies throughout the day with rain clearing later.,rain,"76613399999,76612099999,remote"
Tequila. MX,2024-07-15,87,62.7,71.6,87.4,62.7,71.7,60.7,72,0.079,100,4.17,rain,0,0,7.4,11.4,197.2,1017.1,68.7,8.7,283.6,24.6,10,60,2024-07-15T06:23:14,2024-07-15T19:39:36,0.32,"Rain, Partially cloudy",Partly cloudy throughout the day with early morning rain.,rain,"76613399999,76612099999,remote"
Tequila. MX,2024-07-16,86.8,62,71.5,87,62,71.5,62.9,77.1,0.354,100,8.33,rain,0,0,8.7,4.3,246,1014.5,66.9,10.8,310,26.8,10,60,2024-07-16T06:23:37,2024-07-16T19:39:23,0.35,"Rain, Partially cloudy",Partly cloudy throughout the day with rain.,rain,"MMGL,76613399999,76612099999,remote"
Tequila. MX,2024-07-17,88.6,64.3,70.1,89.4,64.3,70.3,63.4,83.8,0.945,100,4.17,rain,0,0,10.1,8.9,142.1,1014.6,85.9,8.9,215,18.7,10,60,2024-07-17T06:24:00,2024-07-17T19:39:09,0.38,"Rain, Partially cloudy",Partly cloudy throughout the day with afternoon rain.,rain,"MMGL,76613399999,76612099999,remote"
Tequila. MX,2024-07-18,80.7,64.3,70.7,81.4,64.3,70.7,62.7,77.9,0.047,100,8.33,rain,0,0,7.2,11.4,217.7,1015.6,87.2,7.5,223.3,19.1,9,30,2024-07-18T06:24:24,2024-07-18T19:38:54,0.41,"Rain, Partially cloudy",Partly cloudy throughout the day with rain.,rain,"MMGL,76613399999,76612099999,remote"
Tequila. MX,2024-07-19,82.5,62.3,69.8,83.3,62.3,69.9,62.9,80.6,0.071,100,12.5,rain,0,0,3.8,15,221.6,1014.5,77.4,10.6,256.8,22.1,10,60,2024-07-19T06:24:47,2024-07-19T19:38:37,0.45,"Rain, Partially cloudy",Partly cloudy throughout the day with morning rain.,rain,"MMGL,76613399999,76612099999,remote"
Tequila. MX,2024-07-20,83.4,62.7,69,84.4,62.7,69.1,63.9,85.5,1.771,100,25,rain,0,0,4.3,4.9,50.7,1014.7,86.8,7.8,201.8,17.4,9,30,2024-07-20T06:25:11,2024-07-20T19:38:20,0.48,"Rain, Partially cloudy",Partly cloudy throughout the day with a chance of rain throughout the day.,rain,"MMGL,76613399999,76612099999,remote"
Tequila. MX,2024-07-21,82.8,63.4,69.5,83.4,63.4,69.6,62.9,81.4,1.252,100,12.5,rain,0,0,7.4,9.2,145.6,1014.7,88.1,8.9,215.7,18.7,8,30,2024-07-21T06:25:34,2024-07-21T19:38:01,0.5,"Rain, Partially cloudy",Partly cloudy throughout the day with rain.,rain,"76613399999,76612099999,remote"
Tequila. MX,2024-07-22,87.5,62.5,70.5,87.5,62.5,70.6,62.5,78.3,0.071,100,8.33,rain,0,0,5.6,4.9,139.8,1012.9,73.4,9,305.5,26.3,10,60,2024-07-22T06:25:58,2024-07-22T19:37:41,0.55,"Rain, Partially cloudy",Partly cloudy throughout the day with rain clearing later.,rain,"76613399999,76612099999,remote"
Tequila. MX,2024-07-23,79.9,63.9,69.7,79.9,63.9,69.7,63.2,80.9,0.036,100,12.5,rain,0,0,7.2,13.9,159.1,1014.1,87.3,7,214,18.5,7,30,2024-07-23T06:26:21,2024-07-23T19:37:21,0.58,"Rain, Partially cloudy",Partly cloudy throughout the day with rain.,rain,"76613399999,76612099999,remote"
Tequila. MX,2024-07-24,86.8,62.9,71,87.5,62.9,71.1,63.7,80.2,0.354,100,4.17,rain,0,0,6,8,303.4,1016.3,81.5,8.6,289.3,25,10,60,2024-07-24T06:26:44,2024-07-24T19:36:59,0.62,"Rain, Partially cloudy",Partly cloudy throughout the day with afternoon rain.,rain,"MMGL,76613399999,76612099999,remote"
Tequila. MX,2024-07-25,73.5,63.4,67.8,73.5,63.4,67.8,63,85.3,1.558,100,25,rain,0,0,4.9,6.9,275.8,1017.9,94.7,6.8,115.1,9.9,6,10,2024-07-25T06:27:08,2024-07-25T19:36:36,0.65,"Rain, Overcast",Cloudy skies throughout the day with rain.,rain,"MMGL,76613399999,76612099999,remote"
Tequila. MX,2024-07-26,71.7,62.7,67,71.7,62.7,67,63.4,88.4,0.416,100,20.83,rain,0,0,7.2,20.8,225.5,1015.8,97.2,7.8,147,12.6,8,30,2024-07-26T06:27:31,2024-07-26T19:36:12,0.69,"Rain, Overcast",Cloudy skies throughout the day with rain.,rain,"MMGL,76613399999,76612099999,remote"
Tequila. MX,2024-07-27,83.2,59.6,69.4,83.3,59.6,69.4,60.3,75.6,0.008,100,4.17,rain,0,0,6,9.2,183.4,1012.3,55.8,9.8,326.3,28,10,30,2024-07-27T06:27:54,2024-07-27T19:35:46,0.75,"Rain, Partially cloudy",Partly cloudy throughout the day with early morning rain.,rain,"MMGL,76613399999,76612099999,remote"
Tequila. MX,2024-07-28,86.1,59.1,71.1,85.5,59.1,71.1,60.2,72.1,0.02,100,8.33,rain,0,0,33.3,9.8,325.7,1014.2,42.5,8.5,322.3,27.7,10,30,2024-07-28T06:28:17,2024-07-28T19:35:20,0.76,"Rain, Partially cloudy",Partly cloudy throughout the day with late afternoon rain.,rain,"MMGL,76613399999,76612099999,remote"
Tequila. MX,2024-07-29,84.8,65,71.2,86.6,65,71.5,63.8,78.9,0.02,100,4.17,rain,0,0,6.3,5.4,116.8,1012,77.1,7.6,314.5,27.3,10,60,2024-07-29T06:28:39,2024-07-29T19:34:53,0.8,"Rain, Partially cloudy",Partly cloudy throughout the day with late afternoon rain.,rain,"76613399999,76612099999,remote"
Tequila. MX,2024-07-30,85.6,63.1,71.7,86.9,63.1,71.9,64.5,79.9,0.161,100,8.33,rain,0,0,6,5.8,158.9,1012.4,89.3,8,273.1,23.6,9,75,2024-07-30T06:29:02,2024-07-30T19:34:25,0.83,"Rain, Partially cloudy",Partly cloudy throughout the day with rain.,rain,"MMGL,76613399999,76612099999,remote"
Tequila. MX,2024-07-31,84.3,63.2,71,85.2,63.2,71.1,62.6,77.1,0.016,100,8.33,rain,0,0,7.2,6.2,72.1,1011.8,77.9,6.9,292.1,25.3,10,60,2024-07-31T06:29:24,2024-07-31T19:33:55,0.87,"Rain, Partially cloudy",Partly cloudy throughout the day with rain.,rain,"MMGL,76613399999,76612099999,remote"
Tequila. MX,2024-08-01,81.9,61.1,69.5,83.1,61.1,69.8,62.6,79.4,0.197,100,4.17,rain,0,0,6.5,4.7,48.9,1016.1,81.9,10.9,273.7,23.7,10,60,2024-08-01T06:29:46,2024-08-01T19:33:25,0.9,"Rain, Partially cloudy",Partly cloudy throughout the day with morning rain.,rain,"MMGL,76613399999,76612099999,remote"
Tequila. MX,2024-08-02,84.3,62.5,70.4,83.4,62.5,70.4,60.4,73.2,0.008,100,4.17,rain,0,0,7.2,6.9,91.3,1017.3,88,10.7,291.7,25.2,9,30,2024-08-02T06:30:08,2024-08-02T19:32:53,0.94,"Rain, Partially cloudy",Partly cloudy throughout the day with late afternoon rain.,rain,"76613399999,76612099999,remote"
Tequila. MX,2024-08-03,82.7,62.7,70.7,83.6,62.7,70.9,62.9,79.2,1.043,100,8.33,rain,0,0,6.3,8.1,93.6,1014.8,83.2,8.9,226.5,19.6,9,60,2024-08-03T06:30:30,2024-08-03T19:32:21,0.97,"Rain, Partially cloudy",Partly cloudy throughout the day with rain.,rain,"MMGL,76613399999,76612099999,remote"
Tequila. MX,2024-08-04,85.4,61.4,70.6,85.1,61.4,70.7,61.8,77.5,0.276,100,4.17,rain,0,0,5.6,6.9,157,1014.2,58.5,8.6,322.1,27.8,10,60,2024-08-04T06:30:52,2024-08-04T19:31:48,0,"Rain, Partially cloudy",Partly cloudy throughout the day with morning rain.,rain,"76613399999,76612099999,remote"
Tequila. MX,2024-08-05,83.6,63.6,70.9,84.5,63.6,71,63,77.9,0.079,100,4.17,rain,0,0,6,5.1,90.3,1013.5,64,9.5,287.7,24.9,10,60,2024-08-05T06:31:13,2024-08-05T19:31:13,0.04,"Rain, Partially cloudy",Partly cloudy throughout the day with late afternoon rain.,rain,"MMGL,76613399999,76612099999,remote"
Tequila. MX,2024-08-06,84.8,61.1,71.3,85.6,61.1,71.4,62,74.6,0,0,0,,0,0,8.5,6.9,8.2,1014.6,66.1,9,259.4,22.4,10,30,2024-08-06T06:31:34,2024-08-06T19:30:38,0.07,Partially cloudy,Partly cloudy throughout the day.,partly-cloudy-day,"MMGL,76613399999,76612099999,remote"
Tequila. MX,2024-08-07,87.2,62,70.4,87.3,62,70.5,62.7,79.4,0.008,100,4.17,rain,0,0,19.9,10.5,324.5,1014.3,73.7,8.6,276.3,24,10,30,2024-08-07T06:31:55,2024-08-07T19:30:02,0.11,"Rain, Partially cloudy",Partly cloudy throughout the day with morning rain.,rain,"MMGL,76613399999,76612099999,remote"
Tequila. MX,2024-08-08,86.3,62.1,72.7,87.4,62.1,73,63.9,76.3,0,0,0,,0,0,6.3,6.9,31.3,1010.4,74.4,9.5,275.3,23.7,10,75,2024-08-08T06:32:16,2024-08-08T19:29:24,0.14,Partially cloudy,Partly cloudy throughout the day.,partly-cloudy-day,"76613399999,76612099999,remote"
Tequila. MX,2024-08-09,83.6,60.2,69.9,85.1,60.2,70,63.5,82,1.465,100,16.67,rain,0,0,6.3,6.9,120.8,1011.5,74,7.1,318.8,27.6,10,75,2024-08-09T06:32:36,2024-08-09T19:28:46,0.17,"Rain, Partially cloudy",Partly cloudy throughout the day with rain.,rain,"MMGL,76613399999,76612099999,remote"
Tequila. MX,2024-08-10,85.9,62.7,71.4,85.3,62.7,71.5,62.1,77.7,0.004,100,4.17,rain,0,0,7.2,10.3,117.2,1014.6,91.6,10.8,296.5,25.6,9,30,2024-08-10T06:32:56,2024-08-10T19:28:07,0.21,"Rain, Overcast",Cloudy skies throughout the day with early morning rain.,rain,"MMGL,76613399999,76612099999,remote"
Tequila. MX,2024-08-11,86.6,62.7,70.5,87.1,62.7,70.7,62.2,78.1,0.024,100,4.17,rain,0,0,8.3,5.6,221.1,1016.5,82.1,11.4,257.8,22.3,10,30,2024-08-11T06:33:16,2024-08-11T19:27:28,0.24,"Rain, Partially cloudy",Partly cloudy throughout the day with late afternoon rain.,rain,"76613399999,76612099999,remote"
Tequila. MX,2024-08-12,86.1,62.9,72.8,86.9,62.9,73,62.7,74.6,0.303,100,4.17,rain,0,0,6.3,4.7,82.8,1013,63.1,11.6,293.5,25.3,10,60,2024-08-12T06:33:36,2024-08-12T19:26:47,0.25,"Rain, Partially cloudy",Partly cloudy throughout the day with late afternoon rain.,rain,"76613399999,76612099999,remote"
Tequila. MX,2024-08-13,76.7,62.3,68.9,76.7,62.3,68.9,64.1,85.8,0.182,100,16.67,rain,0,0,6.5,11.4,176.8,1014.3,88.2,7.5,181.3,15.7,9,30,2024-08-13T06:33:55,2024-08-13T19:26:05,0.3,"Rain, Partially cloudy",Partly cloudy throughout the day with rain.,rain,"MMGL,76613399999,76612099999,remote"
Tequila. MX,2024-08-14,83,62.3,68.1,84.6,62.3,68.2,62.6,83.3,1.315,100,37.5,rain,0,0,7.6,6.6,55.4,1013.1,89.6,7.3,268.7,23.1,10,60,2024-08-14T06:34:15,2024-08-14T19:25:23,0.34,"Rain, Partially cloudy",Partly cloudy throughout the day with rain.,rain,"MMGL,76613399999,76612099999,remote"
Tequila. MX,2024-08-15,84.5,62.3,71.4,84.9,62.3,71.5,62.9,78,0,0,0,,0,0,8.3,5.1,58.3,1013.6,68.8,9.4,278,23.9,10,75,2024-08-15T06:34:33,2024-08-15T19:24:40,0.37,Partially cloudy,Partly cloudy throughout the day.,partly-cloudy-day,"76613399999,76612099999,remote"
Tequila. MX,2024-08-16,82.5,62.7,70.3,83.7,62.7,70.4,64.4,83.8,1.063,100,8.33,rain,0,0,4.5,16.1,120.7,1013.8,92.2,6.8,277.2,24.2,10,60,2024-08-16T06:34:52,2024-08-16T19:23:56,0.4,"Rain, Overcast",Cloudy skies throughout the day with rain clearing later.,rain,"MMGL,76613399999,76612099999,remote"
Tequila. MX,2024-08-17,80,63.8,68.8,80,63.8,68.8,64.8,87.5,0.433,100,12.5,rain,0,0,5.4,8.5,51.2,1014.2,91.8,9.9,185.1,15.8,8,30,2024-08-17T06:35:10,2024-08-17T19:23:11,0.43,"Rain, Overcast",Cloudy skies throughout the day with rain clearing later.,rain,"MMGL,76613399999,76612099999,remote"
Tequila. MX,2024-08-18,78.9,62,69,78.9,62,69,63.5,83.8,0.308,100,16.67,rain,0,0,8.5,12.8,76.8,1014.6,94.2,9.3,263.1,22.7,9,30,2024-08-18T06:35:29,2024-08-18T19:22:26,0.47,"Rain, Overcast",Cloudy skies throughout the day with late afternoon rain.,rain,"MMGL,76613399999,76612099999,remote"
Tequila. MX,2024-08-19,81.2,61.6,67.8,81.6,61.6,67.8,61,80.4,0.308,100,16.67,rain,0,0,7.6,6.2,98.6,1014.4,90.7,9.4,176,15.2,8,10,2024-08-19T06:35:46,2024-08-19T19:21:40,0.5,"Rain, Overcast",Cloudy skies throughout the day with early morning rain.,rain,"MMGL,76613399999,76612099999,remote"
Tequila. MX,2024-08-20,82.3,63.1,70.6,83.2,63.1,70.6,63.1,80.1,0.126,100,12.5,rain,0,0,4.9,6.9,42.7,1014.2,84.9,7.4,299.8,25.8,10,60,2024-08-20T06:36:04,2024-08-20T19:20:53,0.53,"Rain, Partially cloudy",Partly cloudy throughout the day with rain clearing later.,rain,"MMGL,76613399999,76612099999,remote"
Tequila. MX,2024-08-21,82.5,61.4,71.3,83.7,61.4,71.4,61.1,72.8,0.236,100,4.17,rain,0,0,7.6,6.9,73.2,1014.3,56.4,7,288.4,24.8,10,75,2024-08-21T06:36:21,2024-08-21T19:20:06,0.57,"Rain, Partially cloudy",Partly cloudy throughout the day with late afternoon rain.,rain,"MMGL,76613399999,76612099999"
Tequila. MX,2024-08-22,82.7,61.6,70.3,83.4,61.6,70.3,61.7,76.7,0.083,100,4.17,rain,0,0,7.6,4.9,87.9,1012.9,71.8,8.9,307.6,26.5,10,60,2024-08-22T06:36:39,2024-08-22T19:19:17,0.6,"Rain, Partially cloudy",Partly cloudy throughout the day with early morning rain.,rain,"76613399999,76612099999,remote"
Tequila. MX,2024-08-23,80,61.4,69.6,80,61.4,69.6,61.4,77,0.079,100,4.17,rain,0,0,6.3,9.2,65.3,1013.4,68.7,7.2,302.6,25.9,10,60,2024-08-23T06:36:55,2024-08-23T19:18:29,0.64,"Rain, Partially cloudy",Partly cloudy throughout the day with early morning rain.,rain,"MMGL,76613399999,76612099999,remote"
Tequila. MX,2024-08-24,81.2,62.7,69.8,82.7,62.7,69.9,63.5,81.9,0.461,100,4.17,rain,0,0,4.7,4.5,70.6,1014.6,78.4,7.9,277.5,24.1,10,60,2024-08-24T06:37:12,2024-08-24T19:17:39,0.67,"Rain, Partially cloudy",Partly cloudy throughout the day with late afternoon rain.,rain,"MMGL,76613399999,76612099999,remote"
Tequila. MX,2024-08-25,84.8,62.9,72.9,84.3,62.9,72.8,61.9,71.6,0.047,100,4.17,rain,0,0,6.9,4.9,15.2,1013.7,61.8,6.8,290.3,25.1,9,60,2024-08-25T06:37:29,2024-08-25T19:16:49,0.71,"Rain, Partially cloudy",Partly cloudy throughout the day with morning rain.,rain,"MMGL,76613399999,76612099999,remote"
Tequila. MX,2024-08-26,84.6,63.8,73,85.4,63.8,73.1,61.6,70.2,0,0,0,,0,0,11.6,4.5,24.4,1012.6,44.5,7,310.5,26.9,10,30,2024-08-26T06:37:45,2024-08-26T19:15:59,0.75,Partially cloudy,Partly cloudy throughout the day.,partly-cloudy-day,"76613399999,76612099999"
Tequila. MX,2024-08-27,82.4,64.1,73.1,83.4,64.1,73.2,62,70.5,0,0,0,,0,0,8.1,4.4,305.6,1012.1,58.9,6.9,313.1,27,10,75,2024-08-27T06:38:01,2024-08-27T19:15:08,0.78,Partially cloudy,Partly cloudy throughout the day.,partly-cloudy-day,"76613399999,76612099999"
Tequila. MX,2024-08-28,84.6,63.8,73,85.5,63.8,73.2,61.9,69.9,0.008,100,4.17,rain,0,0,6.3,15.8,323.2,1011,59.3,7.1,305.8,26.5,10,75,2024-08-28T06:38:17,2024-08-28T19:14:16,0.81,"Rain, Partially cloudy",Partly cloudy throughout the day with late afternoon rain.,rain,"MMGL,76613399999,76612099999,remote"
Tequila. MX,2024-08-29,84.6,62.5,71,86,62.5,71.3,62.8,78,0.721,100,8.33,rain,0,0,7.2,11.1,231.3,1014.6,74.2,9,264.3,22.9,10,60,2024-08-29T06:38:32,2024-08-29T19:13:24,0.85,"Rain, Partially cloudy",Partly cloudy throughout the day with morning rain.,rain,"MMGL,76613399999,76612099999,remote"
Tequila. MX,2024-08-30,83.9,63,70.2,85.4,63,70.4,63.2,80.8,0.115,100,16.67,rain,0,0,5.6,9.4,326.7,1014.3,79.3,7.5,114.8,9.8,5,30,2024-08-30T06:38:48,2024-08-30T19:12:32,0.88,"Rain, Partially cloudy",Partly cloudy throughout the day with rain clearing later.,rain,"MMGL,76613399999,76612099999,remote"
Tequila. MX,2024-08-31,84.5,61.1,71.2,85.7,61.1,71.5,64,81.5,0.028,100,8.33,rain,0,0,6.7,4.9,235.8,1012.5,65.2,10.5,295.3,25.5,10,60,2024-08-31T06:39:03,2024-08-31T19:11:39,0.92,"Rain, Partially cloudy",Partly cloudy throughout the day with rain.,rain,"MMGL,76613399999,76612099999,remote"
Tequila. MX,2024-09-01,86.1,63.2,72.1,86.2,63.2,72.1,62,73.6,0.008,100,4.17,rain,0,0,5.6,8.1,20.9,1011.6,76.8,8.2,228.5,19.7,9,60,2024-09-01T06:39:18,2024-09-01T19:10:45,0.95,"Rain, Partially cloudy",Partly cloudy throughout the day with early morning rain.,rain,"76613399999,76612099999,remote"
Tequila. MX,2024-09-02,83,63.8,71,85.6,63.8,71.2,63.7,79.6,1.811,100,12.5,rain,0,0,7.4,6.9,45.8,1011.7,88.1,6.3,285.5,24.7,10,75,2024-09-02T06:39:33,2024-09-02T19:09:52,0,"Rain, Partially cloudy",Partly cloudy throughout the day with rain clearing later.,rain,"MMGL,76613399999,76612099999,remote"
Tequila. MX,2024-09-03,82.3,63.1,70.9,84.5,63.1,71.2,63.8,79.9,1.016,100,20.83,rain,0,0,6.7,5.7,10.9,1010.6,80.9,7.3,256.5,22.1,9,60,2024-09-03T06:39:48,2024-09-03T19:08:57,0.02,"Rain, Partially cloudy",Partly cloudy throughout the day with rain.,rain,"MMGL,76613399999,76612099999,remote"
Tequila. MX,2024-09-04,82.1,64.5,71.5,82.5,64.5,71.6,63.3,77.4,0.642,100,12.5,rain,0,0,8.1,6.9,33.7,1011.6,67.3,6.9,275.7,23.9,10,60,2024-09-04T06:40:03,2024-09-04T19:08:03,0.06,"Rain, Partially cloudy",Partly cloudy throughout the day with rain clearing later.,rain,"76613399999,76612099999"
Tequila. MX,2024-09-05,81,65.2,71.5,82.9,65.2,71.7,64.6,80.2,0.079,100,4.17,rain,0,0,7.8,5.3,292.6,1011.7,66.5,7.5,269.4,23.1,10,75,2024-09-05T06:40:17,2024-09-05T19:07:08,0.09,"Rain, Partially cloudy",Partly cloudy throughout the day with late afternoon rain.,rain,"76613399999,76612099999,remote"
Tequila. MX,2024-09-06,81.8,64.5,70.3,83,64.5,70.4,64.9,84.4,0.631,100,16.67,rain,0,0,4.9,5.3,61.4,1010.3,77.2,6.5,255.3,22.1,9,60,2024-09-06T06:40:32,2024-09-06T19:06:13,0.12,"Rain, Partially cloudy",Partly cloudy throughout the day with rain.,rain,"MMGL,76613399999,76612099999,remote"
Tequila. MX,2024-09-07,80.1,65.2,71.6,80.7,65.2,71.6,63.2,77.6,0,0,0,,0,0,11,10.3,79.9,1009.2,87.2,10,248.8,21.4,8,30,2024-09-07T06:40:46,2024-09-07T19:05:18,0.16,Partially cloudy,Partly cloudy throughout the day.,partly-cloudy-day,"MMGL,76613399999,76612099999,remote"
Tequila. MX,2024-09-08,83.4,62.3,71,82.6,62.3,71,58.4,67.1,0.024,100,4.17,rain,0,0,11.4,7.1,83.8,1009.4,59,8.5,301.2,26.1,10,10,2024-09-08T06:41:00,2024-09-08T19:04:22,0.19,"Rain, Partially cloudy",Partly cloudy throughout the day with morning rain.,rain,"MMGL,76613399999,76612099999,remote"
Tequila. MX,2024-09-09,82.7,61.1,71.2,82.2,61.1,71.2,58.1,66.1,0,0,0,,0,0,5.8,4,67.9,1009.2,32.2,6.9,270.4,23.4,10,10,2024-09-09T06:41:15,2024-09-09T19:03:26,0.22,Partially cloudy,Partly cloudy throughout the day.,partly-cloudy-day,"76613399999,76612099999"
Tequila. MX,2024-09-10,85.4,64.3,73.1,86.2,64.3,73.3,62.8,71.9,0.012,100,4.17,rain,0,0,7.6,5,91.8,1007.2,72.4,7.5,283.7,24.7,10,60,2024-09-10T06:41:29,2024-09-10T19:02:30,0.26,"Rain, Partially cloudy",Partly cloudy throughout the day with morning rain.,rain,"MMGL,76613399999,76612099999,remote"
Tequila. MX,2024-09-11,83.7,66.8,73,84.4,66.8,73.1,64.1,73.5,0.055,100,8.33,rain,0,0,7.2,5.7,145.9,1006.1,75.8,6.9,225.7,19.5,10,60,2024-09-11T06:41:43,2024-09-11T19:01:33,0.25,"Rain, Partially cloudy",Partly cloudy throughout the day with early morning rain.,rain,"MMGL,76613399999,76612099999"
Tequila. MX,2024-09-12,77.6,64.1,70.8,77.6,64.1,70.8,63.4,78.5,0.107,100,12.5,rain,0,0,7.8,7.5,119.6,1008,79.8,7.7,270.5,23.3,10,60,2024-09-12T06:41:57,2024-09-12T19:00:37,0.32,"Rain, Partially cloudy",Partly cloudy throughout the day with rain.,rain,"76613399999,76612099999,remote"
Tequila. MX,2024-09-13,85.2,60.7,71.6,86.4,60.7,71.8,62.5,75.7,0,0,0,,0,0,7.8,4.6,142,1010.5,58.3,10.5,241.3,20.7,10,60,2024-09-13T06:42:11,2024-09-13T18:59:40,0.36,Partially cloudy,Partly cloudy throughout the day.,partly-cloudy-day,"MMGL,76612099999,remote"
Tequila. MX,2024-09-14,84.5,64.7,73,87.1,64.7,73.4,64.3,76.2,0,0,0,,0,0,6.5,4.5,291.6,1009,56.7,7.1,256.5,22.1,10,60,2024-09-14T06:42:25,2024-09-14T18:58:44,0.39,Partially cloudy,Partly cloudy throughout the day.,partly-cloudy-day,"MMGL,76613399999,76612099999,remote"
Tequila. MX,2024-09-15,85.9,65.7,73.7,86.3,65.7,73.9,64.7,75.7,0,0,0,,0,0,10.5,8.1,288.8,1010.3,67,8.4,266.3,23,10,60,2024-09-15T06:42:39,2024-09-15T18:57:47,0.42,Partially cloudy,Partly cloudy throughout the day.,partly-cloudy-day,"MMGL,76613399999,76612099999,remote"
Tequila. MX,2024-09-16,84.3,63.8,73.4,84.5,63.8,73.4,61.7,70.5,0,0,0,,0,0,8.9,5,266.1,1010.7,61.7,8.8,287.8,25,10,10,2024-09-16T06:42:53,2024-09-16T18:56:50,0.45,Partially cloudy,Partly cloudy throughout the day.,partly-cloudy-day,"76613399999,76612099999,remote"
Tequila. MX,2024-09-17,86.3,62.9,72.7,86.7,62.9,72.9,62.2,72.3,0,0,0,,0,0,9.2,4,303.3,1009.2,52.3,7.8,294,25.2,10,30,2024-09-17T06:43:07,2024-09-17T18:55:53,0.5,Partially cloudy,Partly cloudy throughout the day.,partly-cloudy-day,"MMGL,76613399999,76612099999,remote"
Tequila. MX,2024-09-18,86.3,64.5,74.3,86.9,64.5,74.4,62.1,68.6,0,0,0,,0,0,7.6,4.9,349.3,1008.2,52,7.1,290.1,25,10,60,2024-09-18T06:43:21,2024-09-18T18:54:56,0.52,Partially cloudy,Partly cloudy throughout the day.,partly-cloudy-day,"76613399999,76612099999"
Tequila. MX,2024-09-19,86.6,65.7,74.1,88.3,65.7,74.5,65.1,75.8,0,0,0,,0,0,7.2,7.1,37.6,1008,68.8,8.3,269.1,23.2,10,75,2024-09-19T06:43:36,2024-09-19T18:53:59,0.56,Partially cloudy,Partly cloudy throughout the day.,partly-cloudy-day,"MMGL,76613399999,76612099999,remote"
Tequila. MX,2024-09-20,83.6,65,72.5,85.1,65,72.8,65.6,81.3,1.008,100,12.5,rain,0,0,8.1,5.1,291.1,1008.8,56,8,217.2,18.7,10,75,2024-09-20T06:43:50,2024-09-20T18:53:02,0.59,"Rain, Partially cloudy",Partly cloudy throughout the day with rain.,rain,"76613399999,76612099999,remote"
Tequila. MX,2024-09-21,85.4,64.3,73.6,86.1,64.3,73.9,64.5,75.4,0,0,0,,0,0,6,4.9,327.9,1007.1,51.8,8.3,247.4,21.3,10,75,2024-09-21T06:44:04,2024-09-21T18:52:05,0.62,Partially cloudy,Partly cloudy throughout the day.,partly-cloudy-day,"MMGL,76613399999,76612099999,remote"
Tequila. MX,2024-09-22,86.3,65.7,74.6,86.7,65.7,74.7,63.1,69.9,0,0,0,,0,0,5.1,2.8,24.4,1005.6,56.7,6.8,253,21.9,10,60,2024-09-22T06:44:19,2024-09-22T18:51:08,0.66,Partially cloudy,Partly cloudy throughout the day.,partly-cloudy-day,"76613399999,76612099999,remote"
Tequila. MX,2024-09-23,86.8,61.6,71.8,85.5,61.6,71.9,60.9,71.4,0.087,100,8.33,rain,0,0,9.4,9.2,94.4,1008.3,41.8,7.4,278,24,10,30,2024-09-23T06:44:33,2024-09-23T18:50:12,0.69,"Rain, Partially cloudy",Partly cloudy throughout the day with early morning rain.,rain,"76613399999,76612099999,remote"
Tequila. MX,2024-09-24,82.8,63.4,72.5,82.7,63.4,72.5,58.1,61.9,0.138,100,8.33,rain,0,0,17.2,7.1,70.7,1005.7,62.3,7.6,286.3,24.8,10,30,2024-09-24T06:44:48,2024-09-24T18:49:15,0.75,"Rain, Partially cloudy",Partly cloudy throughout the day with late afternoon rain.,rain,"MMGL,76613399999,76612099999,remote"
Tequila. MX,2024-09-25,84.4,59.8,72.1,83.9,59.8,72,57.7,64.3,0,0,0,,0,0,17.2,7.6,63.6,1005.3,43.7,7.1,271.1,23.2,10,30,2024-09-25T06:45:03,2024-09-25T18:48:19,0.76,Partially cloudy,Partly cloudy throughout the day.,partly-cloudy-day,"MMGL,76613399999,76612099999"
Tequila. MX,2024-09-26,85.9,63.8,72.4,84.2,63.8,72.3,55.8,57.8,0,0,0,,0,0,18.3,10.3,69.1,1004.9,65.1,7.5,245.5,21.2,9,10,2024-09-26T06:45:18,2024-09-26T18:47:23,0.79,Partially cloudy,Partly cloudy throughout the day.,partly-cloudy-day,"MMGL,76613399999,76612099999,remote"
Tequila. MX,2024-09-27,71.7,63,67,71.7,63,67,58.4,75,0.611,100,37.5,rain,0,0,11,12.7,54.6,1006.3,92.5,6.7,49,4.2,3,10,2024-09-27T06:45:33,2024-09-27T18:46:27,0.83,"Rain, Overcast",Cloudy skies throughout the day with rain.,rain,"76613399999,76612099999"
Tequila. MX,2024-09-28,75.9,61.6,66.3,75.9,61.6,66.3,61.9,86.6,0.342,100,29.17,rain,0,0,3.8,8.4,80.8,1008.8,78.9,7.5,41.2,3.6,3,10,2024-09-28T06:45:49,2024-09-28T18:45:31,0.86,"Rain, Partially cloudy",Partly cloudy throughout the day with rain clearing later.,rain,"MMGL,76613399999,76612099999,remote"
Tequila. MX,2024-09-29,82.1,58.4,68.5,83.1,58.4,68.6,61.5,80.7,0.11,100,8.33,rain,0,0,4.7,4.4,84.5,1010.5,70.9,7.3,268.5,23.4,9,60,2024-09-29T06:46:05,2024-09-29T18:44:36,0.9,"Rain, Partially cloudy",Partly cloudy throughout the day with rain.,rain,"MMGL,76613399999,76612099999,remote"
Tequila. MX,2024-09-30,81.1,59.3,69.4,81,59.3,69.4,58.2,70.7,0,0,0,,0,0,4.9,4.9,92.9,1009.9,39,7.4,258.1,22.4,9,10,2024-09-30T06:46:21,2024-09-30T18:43:40,0.93,Partially cloudy,Becoming cloudy in the afternoon.,partly-cloudy-day,"MMGL,76613399999,76612099999,remote"
Tequila. MX,2024-10-01,80.7,60.2,70.2,80.6,60.2,70.2,56.1,63.7,0,0,0,,0,0,12.5,7.6,79.5,1009.7,40,7.1,266.3,23,10,10,2024-10-01T06:46:37,2024-10-01T18:42:46,0.96,Partially cloudy,Becoming cloudy in the afternoon.,partly-cloudy-day,"76613399999,76612099999"
Tequila. MX,2024-10-02,80.5,54.9,67.4,80.1,54.9,67.4,53.1,62.9,0,0,0,,0,0,11.2,8.5,71.5,1010.6,38.4,7.3,290.8,25,10,10,2024-10-02T06:46:53,2024-10-02T18:41:51,0,Partially cloudy,Partly cloudy throughout the day.,partly-cloudy-day,"76613399999,76612099999"
Tequila. MX,2024-10-03,82.8,53.7,67.3,81.6,53.7,67.1,51.6,60.8,0,0,0,,0,0,5.1,4.9,107.2,1009.8,60.9,7.4,283.8,24.6,10,10,2024-10-03T06:47:10,2024-10-03T18:40:57,0.03,Partially cloudy,Partly cloudy throughout the day.,partly-cloudy-day,"MMGL,76613399999,76612099999,remote"
Tequila. MX,2024-10-04,84.3,59.9,69.9,82.7,59.9,69.8,57.1,67.3,0,0,0,,0,0,4.5,4.5,49.6,1009.8,38,6.9,243,21.1,9,10,2024-10-04T06:47:27,2024-10-04T18:40:03,0.07,Partially cloudy,Becoming cloudy in the afternoon.,partly-cloudy-day,"76613399999,76612099999"
Tequila. MX,2024-10-05,82.5,58.9,70.4,81.7,58.9,70.3,57.5,66.8,0,0,0,,0,0,6.3,5,40.1,1010.3,47.1,6.9,277,23.9,10,10,2024-10-05T06:47:44,2024-10-05T18:39:10,0.1,Partially cloudy,Partly cloudy throughout the day.,partly-cloudy-day,"MMGL,76613399999,76612099999"
Tequila. MX,2024-10-06,80.7,65.7,71.2,82,65.7,71.4,62.1,74.3,0.248,100,8.33,rain,0,0,4.9,8,109.8,1010.8,76.7,7.2,199.5,17.2,9,30,2024-10-06T06:48:02,2024-10-06T18:38:17,0.13,"Rain, Partially cloudy",Partly cloudy throughout the day with late afternoon rain.,rain,"76613399999,76612099999,remote"
Tequila. MX,2024-10-07,77.6,63.2,68.1,77.6,63.2,68.1,61,79.3,0.008,100,4.17,rain,0,0,7.8,5.3,95.8,1010.9,89.5,7,232.8,20.1,9,10,2024-10-07T06:48:20,2024-10-07T18:37:25,0.17,"Rain, Partially cloudy",Partly cloudy throughout the day with late afternoon rain.,rain,"76613399999,76612099999"
Tequila. MX,2024-10-08,73.9,64.1,68.2,73.9,64.1,68.2,62.8,83.8,0.084,100,20.83,rain,0,0,4.9,4.7,50.2,1010.3,98.8,6.8,135,11.6,8,10,2024-10-08T06:48:38,2024-10-08T18:36:33,0.2,"Rain, Overcast",Cloudy skies throughout the day with rain.,rain,"MMGL,76613399999,76612099999"
Tequila. MX,2024-10-09,78.9,62.3,68.2,78.9,62.3,68.2,60.8,78.8,0.024,100,12.5,rain,0,0,4.9,4.5,45.2,1012,67.1,6.9,195.1,16.9,8,30,2024-10-09T06:48:57,2024-10-09T18:35:41,0.24,"Rain, Partially cloudy",Partly cloudy throughout the day with rain clearing later.,rain,"MMGL,76613399999,76612099999"
Tequila. MX,2024-10-10,81.8,58.7,68.2,80,58.7,68,51.1,60.9,0,0,0,,0,0,6.9,4.9,84,1013.7,36.6,7.4,270.3,23.5,9,10,2024-10-10T06:49:16,2024-10-10T18:34:51,0.25,Partially cloudy,Clearing in the afternoon.,partly-cloudy-day,"MMGL,76613399999,76612099999,remote"
Tequila. MX,2024-10-11,80.1,49.7,64.2,79.8,49.7,64.2,48.6,62.6,0,0,0,,0,0,7.2,5.8,95.8,1016.2,0.8,7.6,279.3,24.2,9,10,2024-10-11T06:49:35,2024-10-11T18:34:00,0.31,Clear,Clear conditions throughout the day.,clear-day,"MMGL,76613399999,76612099999,remote"
Tequila. MX,2024-10-12,80.5,50.3,64.5,80,50.3,64.5,47.7,58.5,0,0,0,,0,0,6.9,3.8,141.7,1015.8,0.9,8.9,279.2,24.2,9,10,2024-10-12T06:49:55,2024-10-12T18:33:11,0.34,Clear,Clear conditions throughout the day.,clear-day,"MMGL,76613399999,76612099999,remote"
Tequila. MX,2024-10-13,80.3,51.8,65,79.5,51.8,64.9,49.4,60.5,0,0,0,,0,0,4.5,3.6,82.2,1017.4,4.1,7.3,276.5,23.9,9,10,2024-10-13T06:50:15,2024-10-13T18:32:22,0.37,Clear,Clear conditions throughout the day.,clear-day,"MMGL,76613399999,76612099999,remote"
Tequila. MX,2024-10-14,80.7,53,66,80.6,53,65.9,52.8,66.7,0,0,0,,0,0,3.6,5.8,55,1018.4,12,7.1,272.2,23.6,9,10,2024-10-14T06:50:36,2024-10-14T18:31:33,0.41,Clear,Clear conditions throughout the day.,clear-day,"MMGL,76613399999,76612099999,remote"
Tequila. MX,2024-10-15,82.7,59.3,69.5,81.5,59.3,69.3,54.6,64,0,0,0,,0,0,7.6,6.2,334.1,1014,27.5,7,270.7,23.2,9,10,2024-10-15T06:50:57,2024-10-15T18:30:46,0.44,Partially cloudy,Partly cloudy throughout the day.,partly-cloudy-day,"MMGL,76613399999,76612099999"
Tequila. MX,2024-10-16,85.2,57.5,69.1,82.6,57.5,68.6,53.4,63.8,0,0,0,,0,0,3.6,4.4,311,1012.3,16,7.3,272.8,23.5,9,10,2024-10-16T06:51:19,2024-10-16T18:29:59,0.48,Clear,Clear conditions throughout the day.,clear-day,"MMGL,76613399999,76612099999,remote"
Tequila. MX,2024-10-17,80.9,55.1,67,80,55.1,66.9,52.4,63.4,0,0,0,,0,0,5.8,4.5,59.5,1012.4,32.2,8,246.9,21.4,9,10,2024-10-17T06:51:41,2024-10-17T18:29:13,0.5,Partially cloudy,Partly cloudy throughout the day.,partly-cloudy-day,"MMGL,76613399999,76612099999,remote"
Tequila. MX,2024-10-18,84.8,56,68.7,83,56,68.4,52.8,60.6,0,0,0,,0,0,5.8,4.5,342.9,1012.2,22.4,6.9,266.8,23,9,10,2024-10-18T06:52:03,2024-10-18T18:28:27,0.54,Partially cloudy,Partly cloudy throughout the day.,partly-cloudy-day,"MMGL,76613399999,76612099999"
Tequila. MX,2024-10-19,83.9,56.6,69.6,83,56.6,69.5,55.4,64,0,0,0,,0,0,6.3,4.5,73.5,1012.8,39.2,7.2,225.4,19.5,8,10,2024-10-19T06:52:26,2024-10-19T18:27:43,0.58,Partially cloudy,Partly cloudy throughout the day.,partly-cloudy-day,"MMGL,76613399999,76612099999,remote"
Tequila. MX,2024-10-20,84.8,59.1,71.6,83.1,59.1,71.4,52.3,52.5,0,0,0,,0,0,9.6,11.9,89.5,1015.1,31.2,7.2,261.7,22.6,9,10,2024-10-20T06:52:50,2024-10-20T18:26:59,0.61,Partially cloudy,Partly cloudy throughout the day.,partly-cloudy-day,"76613399999,76612099999"
Tequila. MX,2024-10-21,81.6,64.5,71,81.4,64.5,71,56.2,60.4,0,0,0,,0,0,13,8.5,96,1013.2,79.5,8.1,197.6,17,7,10,2024-10-21T06:53:14,2024-10-21T18:26:16,0.64,Partially cloudy,Partly cloudy throughout the day.,partly-cloudy-day,"76613399999,76612099999,remote"
Tequila. MX,2024-10-22,82.5,62.7,71.4,81.9,62.7,71.4,57.7,64.9,0,0,0,,0,0,8.3,4.9,102.1,1013.2,66.8,7.5,231.8,20,9,10,2024-10-22T06:53:38,2024-10-22T18:25:34,0.68,Partially cloudy,Partly cloudy throughout the day.,partly-cloudy-day,"76613399999,76612099999,remote"
Tequila. MX,2024-10-23,82.9,57.1,68.3,80.8,57.1,68,50.3,57.3,0,0,0,,0,0,8.9,9.2,66.3,1014.4,36.2,8.2,261.7,22.7,9,10,2024-10-23T06:54:03,2024-10-23T18:24:52,0.71,Partially cloudy,Partly cloudy throughout the day.,partly-cloudy-day,"MMGL,76613399999,76612099999,remote"
Tequila. MX,2024-10-24,83.2,51.2,65.6,80.9,51.2,65.3,47.4,57.5,0,0,0,,0,0,4.9,5.8,114,1015.1,0,8.4,263.5,22.8,9,10,2024-10-24T06:54:28,2024-10-24T18:24:12,0.75,Clear,Clear conditions throughout the day.,clear-day,"MMGL,76613399999,76612099999,remote"
Tequila. MX,2024-10-25,84.5,53.6,67,82.1,53.6,66.6,49.5,59.7,0,0,0,,0,0,6.7,5.3,267.3,1013.4,2.6,8.3,260.1,22.5,9,10,2024-10-25T06:54:54,2024-10-25T18:23:33,0.77,Clear,Clear conditions throughout the day.,clear-day,"MMGL,76613399999,76612099999,remote"
Tequila. MX,2024-10-26,82.5,52.1,65.9,80.4,52.1,65.8,45.3,51.2,0,0,0,,0,0,23,7.1,96.1,1018.8,1.3,9.8,262.7,22.7,9,10,2024-10-26T06:55:21,2024-10-26T18:22:54,0.81,Clear,Clear conditions throughout the day.,clear-day,"MMGL,76613399999,76612099999,remote"
Tequila. MX,2024-10-27,80.9,48.1,65.3,79.9,48.1,65.2,48,56.3,0,0,0,,0,0,8.3,11.4,117.8,1020.3,12,10.9,258.5,22.3,9,10,2024-10-27T06:55:48,2024-10-27T18:22:17,0.84,Clear,Clear conditions throughout the day.,clear-day,"MMGL,76613399999,76612099999,remote"
Tequila. MX,2024-10-28,80.7,52.8,65.6,79.6,52.8,65.5,49.5,59.4,0,0,0,,0,0,4.9,6.9,103.3,1016.4,6.2,8.6,258,22.2,9,10,2024-10-28T06:56:16,2024-10-28T18:21:41,0.87,Clear,Clear conditions throughout the day.,clear-day,"76613399999,76612099999,remote"
Tequila. MX,2024-10-29,83.6,51.7,67.2,82.2,51.7,66.9,50.1,59.3,0,0,0,,0,0,13.9,6.7,227.7,1012.9,17.3,8.8,231.8,20.2,9,10,2024-10-29T06:56:44,2024-10-29T18:21:05,0.91,Clear,Clear conditions throughout the day.,clear-day,"MMGL,76613399999,76612099999,remote"
Tequila. MX,2024-10-30,81.9,52.8,66.6,80.1,52.8,66.2,46.5,55.9,0,0,0,,0,0,11.4,6.7,307,1014.7,2.5,6.9,257.6,22.1,9,10,2024-10-30T06:57:12,2024-10-30T18:20:31,0.94,Clear,Clear conditions throughout the day.,clear-day,"76613399999,76612099999"
Tequila. MX,2024-10-31,81.4,48.3,63.7,79.6,48.3,63.5,42,50.8,0,0,0,,0,0,6.9,5.8,263,1015.3,0.5,8.3,258.5,22.3,9,10,2024-10-31T06:57:41,2024-10-31T18:19:58,0.97,Clear,Clear conditions throughout the day.,clear-day,"76613399999,76612099999,remote"
